Rank;Sourceid;Title;Type;Issn;Publisher;Open Access;Open Access Diamond;SJR;SJR Best Quartile;H index;Total Docs. (2025);Total Docs. (3years);Total Refs.;Total Citations (3years);Citable Docs. (3years);Citations / Doc. (2years);Ref. / Doc.;%Female;Overton;Country;Region;Publisher;Coverage;Categories;Areas
1;5100152922;"Revista de Ciencia Politica";journal;"0718090X, 07161417";"Pontificia Universidad Catolica de Chile";Yes;Yes;0,975;Q1;28;6;72;350;146;71;1,91;58,33;22,22;0;Chile;Latin America;"Pontificia Universidad Catolica de Chile";"2002, 2006-2025";"Political Science and International Relations (Q1); Sociology and Political Science (Q1)";"Social Sciences"
2;21101060255;"Novum Jus";journal;"16926013, 25008692";"Universidad Catolica de Colombia";Yes;Yes;0,914;Q1;10;47;140;2344;197;131;1,38;49,87;36,11;0;Colombia;Latin America;"Universidad Catolica de Colombia";"2019-2025";"Law (Q1); Sociology and Political Science (Q1)";"Social Sciences"
3;21100855986;"Revista de Investigacoes Constitucionais";journal;"23595639";"Universidade Federal do Parana";Yes;Yes;0,781;Q1;14;24;71;1290;67;69;0,91;53,75;38,71;0;Brazil;Latin America;"Universidade Federal do Parana";"2014-2025";"Law (Q1); Sociology and Political Science (Q1)";"Social Sciences"
4;21101079115;"Revista Eurolatinoamericana de Derecho Administrativo";journal;"2362583X";"Universidad Nacional del Litoral";Yes;Yes;0,704;Q1;6;17;58;712;30;58;0,38;41,88;17,65;0;Argentina;Latin America;"Universidad Nacional del Litoral";"2019-2025";"Law (Q1)";"Social Sciences"
5;21100199539;"Politica Criminal";journal;"07183399";"Centro Estudios Derecho Penal";Yes;Yes;0,654;Q1;13;43;103;2617;58;103;0,55;60,86;39,13;0;Chile;Latin America;"Centro Estudios Derecho Penal";"2009-2025";"Law (Q1); Sociology and Political Science (Q1)";"Social Sciences"
6;21101072371;"Via Inveniendi et Iudicandi";journal;"19090528";"Universidad de Santo Tomas";Yes;Yes;0,640;Q1;7;12;71;525;57;69;0,75;43,75;20,00;0;Colombia;Latin America;"Universidad de Santo Tomas";"2019-2025";"Law (Q1)";"Social Sciences"
7;21100407145;"Investigacion y Educacion en Enfermeria";journal;"22160280, 01205307";"Facultad de Enfermeria de la Universidad de Antioquia";Yes;Yes;0,572;Q2;26;51;143;1554;309;131;1,67;30,47;63,22;0;Colombia;Latin America;"Facultad de Enfermeria de la Universidad de Antioquia";"2012-2025";"Maternity and Midwifery (Q1); Community and Home Care (Q2); Family Practice (Q2); Health (social science) (Q2); Nursing (miscellaneous) (Q2); Geriatrics and Gerontology (Q3)";"Medicine; Nursing; Social Sciences"
8;21101076713;"A e C - Revista de Direito Administrativo e Constitucional";journal;"15163210, 19844182";"Instituto de Direito Romeu Felipe Bacellar";No;No;0,558;Q1;9;36;109;1692;59;109;0,52;47,00;32,56;0;Brazil;Latin America;"Instituto de Direito Romeu Felipe Bacellar";"2019-2025";"Law (Q1)";"Social Sciences"
9;14730;"Revista Latinoamericana de Psicologia";journal;"01200534";"Konrad Lorenz Editores";Yes;Yes;0,535;Q2;38;7;82;358;123;82;1,38;51,14;39,39;0;Colombia;Latin America;"Konrad Lorenz Editores";"1980, 1984, 1992, 1996-2025";"Psychology (miscellaneous) (Q2); Social Sciences (miscellaneous) (Q2)";"Psychology; Social Sciences"
10;5100154603;"Opiniao Publica";journal;"01046276, 18070191";"Universidade Estadual de Campinas UNICAMP";Yes;Yes;0,520;Q2;25;19;78;1118;82;78;0,90;58,84;54,05;0;Brazil;Latin America;"Universidade Estadual de Campinas UNICAMP";"2006-2026";"Sociology and Political Science (Q2)";"Social Sciences"
11;21101326198;"Pro Jure Revista de Derecho";journal;"28107659";"Pontificia Universidad Catolica de Valparaiso";No;No;0,498;Q1;4;35;34;1979;16;30;0,42;56,54;32,50;0;Chile;Latin America;"Pontificia Universidad Catolica de Valparaiso";"2024-2025";"Law (Q1); Social Sciences (miscellaneous) (Q2)";"Social Sciences"
12;21100863482;"Revista de Comunicacion";journal;"16840933, 22271465";"University of Piura";Yes;Yes;0,463;Q1;18;44;138;2537;260;131;1,67;57,66;61,95;0;Peru;Latin America;"University of Piura";"2018-2025";"Cultural Studies (Q1); Communication (Q2)";"Social Sciences"
13;19900191915;"Intersecciones en Antropologia";journal;"16662105, 1850373X";"Universidad Nacional del Centro de la Provincia de Buenos Aires";Yes;Yes;0,460;Q1;18;9;57;573;37;57;0,50;63,67;55,26;0;Argentina;Latin America;"Universidad Nacional del Centro de la Provincia de Buenos Aires";"2010-2025";"Anthropology (Q1)";"Social Sciences"
14;11700154202;"Revista Chilena de Derecho";journal;"07183437, 07160747";"Pontificia Universidad Catolica de Chile";Yes;Yes;0,429;Q2;16;13;77;814;56;69;0,45;62,62;33,33;0;Chile;Latin America;"Pontificia Universidad Catolica de Chile";"2007-2025";"Law (Q2)";"Social Sciences"
15;5000160302;"Revista de Derecho";journal;"07180950, 07169132";"Universidad Austral de Chile";Yes;Yes;0,420;Q2;14;15;94;707;50;94;0,47;47,13;33,33;0;Chile;Latin America;"Universidad Austral de Chile";"2006-2025";"Law (Q2)";"Social Sciences"
16;11900154360;"Revista INVI";journal;"07181299, 07188358";"Universidad de Chile";Yes;Yes;0,407;Q2;25;33;87;1876;111;81;0,85;56,85;55,56;0;Chile;Latin America;"Universidad de Chile";"2008-2025";"Architecture (Q1); Urban Studies (Q2)";"Engineering; Social Sciences"
17;21100996939;"Revista Cientifica General Jose Maria Cordova";journal;"19006586, 25007645";"Escuela Militar de Cadetes";Yes;Yes;0,400;Q2;10;45;164;2113;158;150;0,80;46,96;24,36;0;Colombia;Latin America;"Escuela Militar de Cadetes";"2011-2013, 2015-2026";"Law (Q2); Political Science and International Relations (Q2); Public Administration (Q2); Safety Research (Q2); Safety, Risk, Reliability and Quality (Q2); Social Sciences (miscellaneous) (Q2); Sociology and Political Science (Q2)";"Engineering; Social Sciences"
18;8100153107;"Magallania";journal;"07180209, 07182244";"Universidad de Magallanes";Yes;Yes;0,398;Q2;25;5;44;178;32;44;0,74;35,60;33,33;0;Chile;Latin America;"Universidad de Magallanes";"2007-2025";"Social Sciences (miscellaneous) (Q2)";"Social Sciences"
19;5800219327;"Boletin de Filologia";journal;"07189303, 00679674";"Universidad de Chile";Yes;Yes;0,385;Q1;15;34;109;1488;49;108;0,56;43,76;52,78;0;Chile;Latin America;"Universidad de Chile";"2014-2025";"History (Q1); Linguistics and Language (Q1); Literature and Literary Theory (Q1)";"Arts and Humanities; Social Sciences"
20;89299;"Revista Brasileira de Estudos de Populacao";journal;"01023098";"Associacao Brasileira de Estudos Populacionais";Yes;Yes;0,373;Q2;19;28;103;1207;74;95;0,50;43,11;43,10;0;Brazil;Latin America;"Associacao Brasileira de Estudos Populacionais";"1984-1992, 1996, 2007-2025";"Demography (Q2)";"Social Sciences"
21;21100416511;"Ethnobiology and Conservation";journal;"22384782";"Universidade Federal Rural de Pernambuco";Yes;No;0,372;Q2;23;38;88;2492;139;85;1,59;65,58;48,48;0;Brazil;Latin America;"Universidade Federal Rural de Pernambuco";"2012-2025";"Animal Science and Zoology (Q2); Anthropology (Q2); Nature and Landscape Conservation (Q2); Plant Science (Q2); Ecology (Q3)";"Agricultural and Biological Sciences; Environmental Science; Social Sciences"
22;21100399153;"Boletin del Museo Chileno de Arte Precolombino";journal;"07161530, 07186894";"Museo Chileno de Arte Precolombino";Yes;Yes;0,371;Q1;12;9;56;491;32;49;0,66;54,56;36,36;0;Chile;Latin America;"Museo Chileno de Arte Precolombino";"2014-2025";"Archeology (Q1); Archeology (arts and humanities) (Q1); Visual Arts and Performing Arts (Q1); Anthropology (Q2)";"Arts and Humanities; Social Sciences"
23;21100886398;"Profile: Issues in Teachers' Professional Development";journal;"16570790, 22565760";"Universidad Nacional de Colombia";Yes;Yes;0,370;Q1;16;26;88;1069;109;82;1,25;41,12;53,33;0;Colombia;Latin America;"Universidad Nacional de Colombia";"2018-2026";"Linguistics and Language (Q1); Education (Q3)";"Social Sciences"
24;5800156831;"RLA";journal;"0033698X, 07184883";"Universidad de Concepcion";Yes;No;0,367;Q1;19;8;46;347;29;43;0,57;43,38;64,29;0;Chile;Latin America;"Universidad de Concepcion";"2008-2025";"Linguistics and Language (Q1); Education (Q3)";"Social Sciences"
25;21100432126;"Revista Derecho del Estado";journal;"23462051, 01229893";"Universidad Externado de Colombia";Yes;Yes;0,359;Q2;10;39;133;1692;77;129;0,72;43,38;36,96;0;Colombia;Latin America;"Universidad Externado de Colombia";"2015-2026";"Law (Q2)";"Social Sciences"
26;25953;"Dados";journal;"16784588, 00115258";"Instituto de Estudos Sociais e Politicos (IESP), UERJ";Yes;Yes;0,344;Q2;34;68;92;4441;73;91;1,02;65,31;32,08;5;Brazil;Latin America;"Instituto de Estudos Sociais e Politicos (IESP), UERJ";"1996-2025";"Social Sciences (miscellaneous) (Q2)";"Social Sciences"
27;5100154604;"Ius et Praxis";journal;"07180012, 07172877";"Universidad de Talca";Yes;Yes;0,340;Q2;15;11;137;519;76;128;0,47;47,18;66,67;0;Chile;Latin America;"Universidad de Talca";"2001-2002, 2006-2025";"Law (Q2)";"Social Sciences"
28;5700160329;"Migraciones Internacionales";journal;"16658906, 25940279";"El Colegio de la Frontera Norte";Yes;Yes;0,340;Q2;17;26;75;1415;69;73;0,82;54,42;51,16;0;Mexico;Latin America;"El Colegio de la Frontera Norte";"2009-2026";"Demography (Q2); Geography, Planning and Development (Q3)";"Social Sciences"
29;21100940999;"Revista Latinoamericana de Ciencias Sociales, Ninez y Juventud";journal;"20277679, 1692715X";"Revista Latinoamericana de Ciencias Sociales";Yes;Yes;0,340;Q2;11;49;174;2662;152;172;0,75;54,33;58,27;0;Colombia;Latin America;"Revista Latinoamericana de Ciencias Sociales";"2019-2025";"Social Sciences (miscellaneous) (Q2); Developmental and Educational Psychology (Q3)";"Psychology; Social Sciences"
30;21101040630;"Revista de Derecho Ambiental (Chile)";journal;"07180101, 07194633";"Universidad de Chile. Centro de Derecho Ambiental";Yes;Yes;0,338;Q2;5;14;50;433;36;47;0,67;30,93;38,46;0;Chile;Latin America;"Universidad de Chile. Centro de Derecho Ambiental";"2019-2025";"Law (Q2); Management, Monitoring, Policy and Law (Q3); Renewable Energy, Sustainability and the Environment (Q3)";"Energy; Environmental Science; Social Sciences"
31;21100899904;"Brazilian Journal of Occupational Therapy";journal;"25268910";"Universidade Federal de Sao Carlos";Yes;No;0,337;Q3;16;95;316;4168;302;307;0,73;43,87;75,79;0;Brazil;Latin America;"Universidade Federal de Sao Carlos";"2018-2026";"Occupational Therapy (Q2); Education (Q3); Health (social science) (Q3)";"Health Professions; Social Sciences"
32;21100200407;"Arqueologia";journal;"18538126, 03275159";"University of Buenos Aires";Yes;Yes;0,336;Q2;12;27;86;1550;49;83;0,51;57,41;47,22;0;Argentina;Latin America;"University of Buenos Aires";"2011-2026";"Archeology (arts and humanities) (Q1); Archeology (Q2)";"Arts and Humanities; Social Sciences"
33;21100248874;"Dilemas";journal;"19835922, 21782792";"Universidade Federal do Rio de Janeiro";Yes;Yes;0,334;Q2;14;45;149;2312;64;147;0,18;51,38;43,33;0;Brazil;Latin America;"Universidade Federal do Rio de Janeiro";"2013-2025";"Law (Q2); Pharmacology, Toxicology and Pharmaceutics (miscellaneous) (Q2); Social Sciences (miscellaneous) (Q2); Sociology and Political Science (Q2)";"Pharmacology, Toxicology and Pharmaceutics; Social Sciences"
34;4700152616;"Chungara";journal;"07177356, 07161182";"Universidad de Tarapaca";Yes;Yes;0,332;Q2;33;0;109;0;71;108;0,39;0,00;0,00;0;Chile;Latin America;"Universidad de Tarapaca";"2000-2002, 2004, 2006-2024";"Anthropology (Q2); Archeology (Q2)";"Social Sciences"
35;21101033505;"Revista del Museo de Antropologia";journal;"18524826, 1852060X";"Universidad Nacional de Cordoba, Facultad de Filosofia y Humanidades";Yes;Yes;0,332;Q2;8;73;233;3701;100;225;0,37;50,70;73,03;0;Argentina;Latin America;"Universidad Nacional de Cordoba, Facultad de Filosofia y Humanidades";"2019-2025";"Archeology (arts and humanities) (Q1); Museology (Q1); Anthropology (Q2); Archeology (Q2)";"Arts and Humanities; Social Sciences"
36;21100244605;"Cuestiones Constitucionales";journal;"24484881, 14059193";"Universidad Nacional Autonoma de Mexico";Yes;Yes;0,331;Q2;8;55;131;2561;46;130;0,14;46,56;27,42;0;Mexico;Latin America;"Universidad Nacional Autonoma de Mexico";"2013-2026";"Law (Q2); Sociology and Political Science (Q2)";"Social Sciences"
37;21100264819;"Vniversitas";journal;"00419060, 20111711";"Pontificia Universidad Javeriana";Yes;Yes;0,329;Q2;7;25;62;2172;22;61;0,22;86,88;33,33;0;Colombia;Latin America;"Pontificia Universidad Javeriana";"2012-2025";"Law (Q2)";"Social Sciences"
38;5700160328;"Saude e Sociedade";journal;"01041290";"University of Sao Paolo";Yes;Yes;0,329;Q3;29;86;368;2649;274;355;0,73;30,80;56,74;0;Brazil;Latin America;"University of Sao Paolo";"2008-2025";"Health (social science) (Q3); Public Health, Environmental and Occupational Health (Q3)";"Medicine; Social Sciences"
39;21100902663;"Revista Brasileira de Direito Processual Penal";journal;"23593881, 2525510X";"Instituto Brasileiro de Direito Processual Penal";Yes;Yes;0,318;Q2;8;44;115;2046;61;115;0,63;46,50;34,88;0;Brazil;Latin America;"Instituto Brasileiro de Direito Processual Penal";"2018-2025";"Anthropology (Q2); Law (Q2); Sociology and Political Science (Q2); Psychiatry and Mental Health (Q3); Safety Research (Q3)";"Medicine; Social Sciences"
40;5600152899;"Revista de Ciencias Sociales";journal;"13159518";"Universidad del Zulia";Yes;Yes;0,314;Q2;29;234;610;10126;998;595;1,42;43,27;44,46;0;Venezuela;Latin America;"Universidad del Zulia";"2007-2025";"Social Sciences (miscellaneous) (Q2); Public Administration (Q3)";"Social Sciences"
41;5800169372;"Brazilian Journal of Political Economy";journal;"18094538, 01013157";"Universidade de Sao Paulo. Museu de Zoologia";Yes;Yes;0,309;Q2;26;26;151;993;130;150;0,70;38,19;22,50;0;Brazil;Latin America;"Universidade de Sao Paulo. Museu de Zoologia";"2000, 2005, 2007-2025";"Economics, Econometrics and Finance (miscellaneous) (Q2); Political Science and International Relations (Q2); Sociology and Political Science (Q2)";"Economics, Econometrics and Finance; Social Sciences"
42;5000159706;"Revista Electronica de Investigacion Educativa";journal;"16074041";"Universidad Autonoma de Baja California";Yes;Yes;0,309;Q3;24;15;87;600;106;87;1,17;40,00;57,14;0;Mexico;Latin America;"Universidad Autonoma de Baja California";"2006-2026";"Education (Q3)";"Social Sciences"
43;21100933830;"Estudios Fronterizos";journal;"23959134";"Universidad Autonoma de Baja California";Yes;Yes;0,303;Q2;10;17;76;1028;70;74;0,90;60,47;36,67;0;Mexico;Latin America;"Universidad Autonoma de Baja California";"2019-2025";"History (Q1); Anthropology (Q2); Demography (Q2); Political Science and International Relations (Q2); Sociology and Political Science (Q2); Economics and Econometrics (Q3); Geography, Planning and Development (Q3)";"Arts and Humanities; Economics, Econometrics and Finance; Social Sciences"
44;21101287730;"Almanack";journal;"22364633";"Federal University of Sao Paulo";Yes;No;0,303;Q3;3;37;101;1831;17;92;0,16;49,49;45,71;0;Brazil;Latin America;"Federal University of Sao Paulo";"2019, 2021-2025";"History (Q1); Education (Q3)";"Arts and Humanities; Social Sciences"
45;5600155211;"Historia Critica";journal;"19006152, 01211617";"Universidad de los Andes, Colombia";Yes;Yes;0,302;Q1;15;23;67;1057;32;67;0,62;45,96;46,67;0;Colombia;Latin America;"Universidad de los Andes, Colombia";"2002-2025";"Cultural Studies (Q1); History (Q1); Social Sciences (miscellaneous) (Q2); Geography, Planning and Development (Q3)";"Arts and Humanities; Social Sciences"
46;8000153130;"Ensaio";journal;"18094465, 01044036";"Fundacao Cesgranrio";Yes;Yes;0,302;Q3;18;53;171;1720;114;164;0,65;32,45;54,55;0;Brazil;Latin America;"Fundacao Cesgranrio";"2007-2026";"Education (Q3)";"Social Sciences"
47;21101044834;"Iconos";journal;"13901249, 13908065";"FLACSO Ecuador";Yes;Yes;0,301;Q2;9;33;99;1415;74;93;0,50;42,88;58,33;0;Ecuador;Latin America;"FLACSO Ecuador";"2019-2026";"Anthropology (Q2); Gender Studies (Q2); Social Sciences (miscellaneous) (Q2); Sociology and Political Science (Q2)";"Social Sciences"
48;19700169822;"Ikala";journal;"01233432";"Universidad de Antioquia";Yes;Yes;0,297;Q1;15;37;116;1871;113;115;0,72;50,57;60,29;0;Colombia;Latin America;"Universidad de Antioquia";"2013-2025";"Cultural Studies (Q1); Literature and Literary Theory (Q1); Linguistics and Language (Q2); Education (Q3)";"Arts and Humanities; Social Sciences"
49;21100927369;"Apuntes";journal;"22231757, 02521865";"Universidad del Pacifico Press";Yes;Yes;0,296;Q2;7;17;58;1035;53;55;0,79;60,88;43,75;0;Peru;Latin America;"Universidad del Pacifico Press";"2019-2026";"Social Sciences (miscellaneous) (Q2); Economics, Econometrics and Finance (miscellaneous) (Q3)";"Economics, Econometrics and Finance; Social Sciences"
50;21101215777;"Justicia (Barranquilla)";journal;"25904566, 01247441";"Simon Bolivar University (Barranquilla)";Yes;Yes;0,296;Q2;5;27;98;1134;41;96;0,48;42,00;37,78;0;Colombia;Latin America;"Simon Bolivar University (Barranquilla)";"2020-2025";"Political Science and International Relations (Q2); Sociology and Political Science (Q2)";"Social Sciences"
51;19400158901;"Perfiles Educativos";journal;"24486167, 01852698";"Universidad Nacional Autonoma de Mexico";Yes;No;0,293;Q3;21;9;165;259;126;153;0,71;28,78;29,41;0;Mexico;Latin America;"Universidad Nacional Autonoma de Mexico";"2004-2005, 2009-2025";"Education (Q3)";"Social Sciences"
52;21100897721;"Revista Colombiana de Educacion";journal;"23230134, 01203916";"Research Center of Universidad Pedagogica Nacional";Yes;Yes;0,293;Q3;9;64;170;3034;128;169;0,66;47,41;48,94;0;Colombia;Latin America;"Research Center of Universidad Pedagogica Nacional";"2018-2026";"Education (Q3)";"Social Sciences"
53;15162;"Eure";journal;"07176236, 02507161";"Revista de Geografia Norte Grande";Yes;Yes;0,292;Q2;41;11;118;618;132;118;0,99;56,18;34,78;0;Chile;Latin America;"Revista de Geografia Norte Grande";"1979, 1982, 1996-1998, 2001-2025";"Urban Studies (Q2)";"Social Sciences"
54;21100793178;"Psicoperspectivas";journal;"07186924";"Pontificia Universidad Catolica de Valparaiso";Yes;Yes;0,292;Q2;27;21;100;891;84;90;0,65;42,43;47,37;0;Chile;Latin America;"Pontificia Universidad Catolica de Valparaiso";"2006-2025";"Social Sciences (miscellaneous) (Q2); Psychology (miscellaneous) (Q3)";"Psychology; Social Sciences"
55;21100264483;"Cuadernos.info";journal;"0719367X, 07193661";"Pontificia Universidad Catolica de Chile";Yes;Yes;0,291;Q2;20;49;146;2260;151;137;0,97;46,12;50,91;0;Chile;Latin America;"Pontificia Universidad Catolica de Chile";"2013-2025";"Communication (Q2); Library and Information Sciences (Q2)";"Social Sciences"
56;21101039620;"Archivos de Historia del Movimiento Obrero y la Izquierda";journal;"26839601, 23139749";"Centro de Estudios Historicos de los Trabajadores y las Izquierdas";Yes;Yes;0,291;Q3;4;11;63;318;13;50;0,21;28,91;22,22;0;Argentina;Latin America;"Centro de Estudios Historicos de los Trabajadores y las Izquierdas";"2019-2025";"History (Q1); Sociology and Political Science (Q3)";"Arts and Humanities; Social Sciences"
57;75153;"Physis";journal;"18094481, 01037331";"Institute de Medicina Social da UERJ";Yes;Yes;0,291;Q3;23;137;286;4886;150;273;0,51;35,66;62,62;0;Brazil;Latin America;"Institute de Medicina Social da UERJ";"1969-1984, 2008-2025";"Health Policy (Q3); Health (social science) (Q3); Public Health, Environmental and Occupational Health (Q3)";"Medicine; Social Sciences"
58;12045;"Interface: Communication, Health, Education";journal;"18075762, 14143283";"Fundacao UNI Botucatu/UNESP";Yes;No;0,290;Q2;30;119;331;3636;165;283;0,49;30,55;64,49;0;Brazil;Latin America;"Fundacao UNI Botucatu/UNESP";"1980, 2004, 2007-2026";"Communication (Q2); Education (Q3); Health (social science) (Q3)";"Social Sciences"
59;13000154718;"Revista Signos";journal;"00350451, 07180934";"Ediciones Universitarias de Valparaiso";Yes;Yes;0,290;Q2;23;16;110;828;61;110;0,46;51,75;62,96;0;Chile;Latin America;"Ediciones Universitarias de Valparaiso";"2007-2025";"Literature and Literary Theory (Q1); Linguistics and Language (Q2)";"Arts and Humanities; Social Sciences"
60;21100867459;"Educacion Matematica";journal;"24488089, 01878298";"Mexican Society for Research and Dissemination of Mathematics Education";No;No;0,289;Q3;8;24;118;636;63;108;0,49;26,50;62,00;0;Mexico;Latin America;"Mexican Society for Research and Dissemination of Mathematics Education";"2018-2025";"Education (Q3); Mathematics (miscellaneous) (Q3)";"Mathematics; Social Sciences"
61;21100792726;"Dialogo Andino";journal;"07192681, 07162278";"Universidad de Tarapaca";Yes;Yes;0,287;Q1;15;14;181;741;98;173;0,39;52,93;25,00;0;Chile;Latin America;"Universidad de Tarapaca";"2016-2025";"Cultural Studies (Q1); History (Q1); Anthropology (Q2)";"Arts and Humanities; Social Sciences"
62;21100309828;"CODAS";journal;"23171782";"Revista Pro-Fono";Yes;No;0,285;Q2;35;128;360;3896;328;357;0,70;30,44;76,70;0;Brazil;Latin America;"Revista Pro-Fono";"2013-2026";"Linguistics and Language (Q2); Otorhinolaryngology (Q3); Speech and Hearing (Q3)";"Health Professions; Medicine; Social Sciences"
63;19400157238;"Texto e Contexto Enfermagem";journal;"01040707, 1980265X";"Universidade Federal de Santa Catarina";Yes;No;0,285;Q2;31;74;365;2369;288;353;0,69;32,01;84,35;0;Brazil;Latin America;"Universidade Federal de Santa Catarina";"2009-2025";"Advanced and Specialized Nursing (Q2); Law (Q2); Maternity and Midwifery (Q2); Community and Home Care (Q3); Nursing (miscellaneous) (Q3)";"Nursing; Social Sciences"
64;21101168865;"Revista de Arqueologia";journal;"19821999, 01020420";"Sociedade de Arqueologia Brasileira";Yes;Yes;0,284;Q2;7;38;139;2231;56;122;0,45;58,71;38,24;0;Brazil;Latin America;"Sociedade de Arqueologia Brasileira";"2019-2026";"History (Q1); Museology (Q1); Archeology (Q2); Archeology (arts and humanities) (Q2)";"Arts and Humanities; Social Sciences"
65;21101036615;"Relacoes Internacionais no Mundo Atual";journal;"23162880";"Centro Universitario Curitiba - UNICURITIBA";No;No;0,283;Q2;9;48;436;1468;179;435;0,47;30,58;52,38;0;Brazil;Latin America;"Centro Universitario Curitiba - UNICURITIBA";"2019-2026";"Law (Q2); Political Science and International Relations (Q2); Public Administration (Q3); Sociology and Political Science (Q3)";"Social Sciences"
66;21100923617;"Revista Pedagogia Universitaria y Didactica del Derecho";journal;"07195885";"Universidad de Chile";Yes;Yes;0,283;Q2;9;17;95;539;44;93;0,42;31,71;53,33;0;Chile;Latin America;"Universidad de Chile";"2019-2025";"Law (Q2); Education (Q3)";"Social Sciences"
67;21101058102;"European Journal of Education and Psychology";journal;"18888992, 19892209";"Universidad Autonoma de Chile";No;No;0,281;Q3;12;14;43;854;48;41;1,24;61,00;57,41;0;Chile;Latin America;"Universidad Autonoma de Chile";"2019-2025";"Education (Q3); Psychology (miscellaneous) (Q3)";"Psychology; Social Sciences"
68;21100211373;"Formacion Universitaria";journal;"07185006";"Centro de Informacion Tecnologica";Yes;Yes;0,280;Q3;27;92;206;2955;292;205;1,38;32,12;45,31;0;Chile;Latin America;"Centro de Informacion Tecnologica";"2012-2025";"Education (Q3)";"Social Sciences"
69;5600155076;"Revista de Estudios Sociales";journal;"19005180, 0123885X";"Universidad de los Andes, Colombia";Yes;Yes;0,279;Q1;22;36;95;1913;101;95;1,00;53,14;38,46;0;Colombia;Latin America;"Universidad de los Andes, Colombia";"2007, 2009-2026";"Cultural Studies (Q1); History (Q1); Arts and Humanities (miscellaneous) (Q2); Gender Studies (Q2); Social Sciences (miscellaneous) (Q2); Sociology and Political Science (Q3)";"Arts and Humanities; Social Sciences"
70;19900191880;"Bolema - Mathematics Education Bulletin";journal;"0103636X, 19804415";"BOLEMA Departamento de Matematica";Yes;Yes;0,276;Q3;19;68;219;2428;82;219;0,34;35,71;52,76;0;Brazil;Latin America;"BOLEMA Departamento de Matematica";"2010-2025";"Education (Q3); Mathematics (miscellaneous) (Q3)";"Mathematics; Social Sciences"
71;21100893188;"Revista de Urbanismo";journal;"07175051";"Universidad de Chile";Yes;Yes;0,273;Q2;9;20;63;1118;53;60;0,85;55,90;44,90;0;Chile;Latin America;"Universidad de Chile";"2010, 2018-2025";"Urban Studies (Q2); Geography, Planning and Development (Q3); Nature and Landscape Conservation (Q3)";"Environmental Science; Social Sciences"
72;21100926573;"Derecho PUCP";journal;"23052546, 02513420";"Pontificia Universidad Catolica del Peru";Yes;Yes;0,271;Q2;7;18;65;1542;48;65;0,63;85,67;18,18;0;Peru;Latin America;"Pontificia Universidad Catolica del Peru";"2019-2025";"Law (Q2)";"Social Sciences"
73;21100981747;"Urbano";journal;"07173997, 07183607";"Universidad del Bio Bio";Yes;Yes;0,271;Q2;8;22;57;674;48;51;0,87;30,64;51,92;0;Chile;Latin America;"Universidad del Bio Bio";"2016-2025";"Urban Studies (Q2)";"Social Sciences"
74;21100258403;"Mutatis Mutandis";journal;"2011799X";"Universidad de Antioquia";Yes;Yes;0,270;Q2;9;28;82;1481;35;75;0,36;52,89;70,45;0;Colombia;Latin America;"Universidad de Antioquia";"2013-2025";"Linguistics and Language (Q2)";"Social Sciences"
75;21100200415;"Revista Colombiana de Psicologia";journal;"23448644, 01215469";"Universidad Nacional de Colombia";Yes;Yes;0,268;Q3;16;18;37;991;28;37;0,70;55,06;53,62;0;Colombia;Latin America;"Universidad Nacional de Colombia";"2011-2025";"Psychology (miscellaneous) (Q3); Social Sciences (miscellaneous) (Q3)";"Psychology; Social Sciences"
76;21100936587;"Revista de Derecho Administrativo Economico";journal;"07174888, 07195591";"Pontifica Universidad Catolica de Chile, Programa de Derecho Administrativo Economico";Yes;No;0,266;Q2;5;73;116;2354;26;113;0,22;32,25;25,86;0;Chile;Latin America;"Pontifica Universidad Catolica de Chile, Programa de Derecho Administrativo Economico";"2019-2025";"Law (Q2); Public Administration (Q3)";"Social Sciences"
77;21101089574;"Revista de Administracao Contemporanea";journal;"19827849, 14156555";"Associacao Nacional de Pos-Graduacao e Pesquisa em Administracao";Yes;Yes;0,266;Q3;13;44;142;2482;172;121;0,70;56,41;38,96;0;Brazil;Latin America;"Associacao Nacional de Pos-Graduacao e Pesquisa em Administracao";"2016, 2019-2026";"Business, Management and Accounting (miscellaneous) (Q3); Management Science and Operations Research (Q3); Public Administration (Q3)";"Business, Management and Accounting; Decision Sciences; Social Sciences"
78;66304;"Revista de Geografia Norte Grande";journal;"07183402, 03798682";"Revista de Geografia Norte Grande";Yes;Yes;0,265;Q3;30;42;153;2704;114;146;0,47;64,38;28,75;0;Chile;Latin America;"Revista de Geografia Norte Grande";"1981, 1983, 2000, 2004-2025";"Earth-Surface Processes (Q3); Geography, Planning and Development (Q3)";"Earth and Planetary Sciences; Social Sciences"
79;21101027250;"Revista Chilena de Derecho Privado";journal;"07180233, 07188072";"Universidad Diego Portales";Yes;Yes;0,264;Q2;5;28;62;1922;19;62;0,24;68,64;37,04;0;Chile;Latin America;"Universidad Diego Portales";"2019-2025";"Law (Q2)";"Social Sciences"
80;21100856604;"Revista Electronica Educare";journal;"14094258";"Universidad Nacional";Yes;Yes;0,263;Q3;18;52;222;1845;209;222;0,60;35,48;63,24;0;Costa Rica;Latin America;"Universidad Nacional";"2017-2025";"Education (Q3)";"Social Sciences"
81;21101078229;"Revista de Estudios Latinoamericanos sobre Reduccion del Riesgo de Desastres";journal;"07198477";"Corporation for the Management and Reduction of Disaster Risk in Chile (GRID-Chile)";Yes;Yes;0,262;Q3;8;32;89;1478;68;86;0,76;46,19;38,03;0;Chile;Latin America;"Corporation for the Management and Reduction of Disaster Risk in Chile (GRID-Chile)";"2017-2026";"Development (Q3); Earth and Planetary Sciences (miscellaneous) (Q3); Ecology (Q3); Social Sciences (miscellaneous) (Q3)";"Earth and Planetary Sciences; Environmental Science; Social Sciences"
82;21101089124;"Retos (Ecuador)";journal;"13906291, 13908618";"Universidad Politecnica Salesiana";Yes;Yes;0,260;Q3;14;20;60;976;115;60;1,85;48,80;39,66;0;Ecuador;Latin America;"Universidad Politecnica Salesiana";"2019-2025";"Business and International Management (Q3); Economics and Econometrics (Q3); Management of Technology and Innovation (Q3); Marketing (Q3); Public Administration (Q3); Strategy and Management (Q3)";"Business, Management and Accounting; Economics, Econometrics and Finance; Social Sciences"
83;21100400803;"Revista Iberoamericana de Educacion Superior";journal;"20072872";"Elsevier B.V.";Yes;Yes;0,259;Q3;15;27;99;1123;54;99;0,55;41,59;56,00;0;Mexico;Latin America;"Elsevier B.V.";"2015-2026";"Education (Q3)";"Social Sciences"
84;19700175179;"Estudios Constitucionales";journal;"07185200, 07180195";"Universidad de Talca";Yes;Yes;0,256;Q2;18;0;104;0;54;96;0,46;0,00;0,00;0;Chile;Latin America;"Universidad de Talca";"2009-2024";"Law (Q2); Sociology and Political Science (Q3)";"Social Sciences"
85;17600155317;"Revista Brasileira de Linguistica Aplicada";journal;"16760786, 19846398";"Universidade de Minas Gerais";Yes;Yes;0,256;Q2;10;46;119;1974;74;112;0,38;42,91;67,16;0;Brazil;Latin America;"Universidade de Minas Gerais";"2017-2025";"Linguistics and Language (Q2)";"Social Sciences"
86;4900152713;"Revista de Economia e Sociologia Rural";journal;"01032003";"Sociedade Brasileira de Economia e Sociologia Rural";Yes;No;0,253;Q3;25;59;208;2892;160;207;0,74;49,02;38,52;0;Brazil;Latin America;"Sociedade Brasileira de Economia e Sociologia Rural";"2006-2025";"Agronomy and Crop Science (Q3); Economics and Econometrics (Q3); Forestry (Q3); Social Sciences (miscellaneous) (Q3)";"Agricultural and Biological Sciences; Economics, Econometrics and Finance; Social Sciences"
87;21100824449;"Norteamerica";journal;"18703550, 24487228";"Universidad Nacional Autonoma de Mexico";Yes;Yes;0,252;Q1;8;32;78;1245;33;78;0,31;38,91;19,35;0;Mexico;Latin America;"Universidad Nacional Autonoma de Mexico";"2010-2011, 2016-2026";"Cultural Studies (Q1); Law (Q2); Demography (Q3); Economics, Econometrics and Finance (miscellaneous) (Q3); Political Science and International Relations (Q3); Sociology and Political Science (Q3)";"Economics, Econometrics and Finance; Social Sciences"
88;21100931880;"Uniciencia";journal;"22153470";"Universidad Nacional";Yes;Yes;0,252;Q3;11;30;114;1322;111;114;0,98;44,07;37,76;1;Costa Rica;Latin America;"Universidad Nacional";"2019-2025";"Agricultural and Biological Sciences (miscellaneous) (Q3); Biochemistry, Genetics and Molecular Biology (miscellaneous) (Q3); Chemistry (miscellaneous) (Q3); Computer Science (miscellaneous) (Q3); Earth and Planetary Sciences (miscellaneous) (Q3); Mathematics (miscellaneous) (Q3); Physics and Astronomy (miscellaneous) (Q3); Social Sciences (miscellaneous) (Q3)";"Agricultural and Biological Sciences; Biochemistry, Genetics and Molecular Biology; Chemistry; Computer Science; Earth and Planetary Sciences; Mathematics; Physics and Astronomy; Social Sciences"
89;21100202750;"Historia (Chile)";journal;"00732435, 07177194";"Pontificia Universidad Catolica de Chile";Yes;Yes;0,251;Q1;18;19;65;2454;31;64;0,42;129,16;22,22;0;Chile;Latin America;"Pontificia Universidad Catolica de Chile";"1999, 2002, 2007-2025";"Cultural Studies (Q1); History (Q1); History and Philosophy of Science (Q2)";"Arts and Humanities; Social Sciences"
90;5100155019;"Estudios Pedagogicos";journal;"07180705, 0716050X";"Universidad Austral de Chile";Yes;Yes;0,251;Q3;33;38;240;1577;150;236;0,48;41,50;58,10;0;Chile;Latin America;"Universidad Austral de Chile";"1997-2002, 2006-2025";"Education (Q3)";"Social Sciences"
91;20000195050;"Paideia";journal;"0103863X, 19824327";"Universidade de Sao Paulo 1";Yes;Yes;0,251;Q3;24;28;119;847;86;118;0,52;30,25;75,90;0;Brazil;Latin America;"Universidade de Sao Paulo 1";"2011-2026";"Education (Q3); Psychology (miscellaneous) (Q3)";"Psychology; Social Sciences"
92;21101065161;"Ciencias Psicologicas";journal;"16884221, 16884094";"Universidad Catolica del Uruguay";Yes;Yes;0,250;Q3;9;43;126;2350;91;123;0,66;54,65;48,15;0;Uruguay;Latin America;"Universidad Catolica del Uruguay";"2019-2025";"Education (Q3); Health (social science) (Q3); Psychology (miscellaneous) (Q3); Neuroscience (miscellaneous) (Q4)";"Neuroscience; Psychology; Social Sciences"
93;21101152096;"Latin American Legal Studies";journal;"07199104, 07199112";"Universidad Adolfo Ibanez";Yes;Yes;0,249;Q2;4;15;39;949;27;36;0,65;63,27;31,58;0;Chile;Latin America;"Universidad Adolfo Ibanez";"2019-2025";"Law (Q2)";"Social Sciences"
94;10800153304;"Revista Brasileira de Educacao Especial";journal;"14136538";"Associacao Brasileira de Pesquisadores em Educacao Especial";Yes;Yes;0,248;Q3;14;73;130;2564;68;129;0,48;35,12;71,62;0;Brazil;Latin America;"Associacao Brasileira de Pesquisadores em Educacao Especial";"2007-2025";"Education (Q3)";"Social Sciences"
95;100069;"Historia (Brazil)";journal;"01019074, 19804369";"Universidade Estadual Paulista (UNESP)";Yes;Yes;0,247;Q2;10;35;123;2045;22;122;0,23;58,43;21,88;0;Brazil;Latin America;"Universidade Estadual Paulista (UNESP)";"2007-2025";"History (Q1); Cultural Studies (Q2)";"Arts and Humanities; Social Sciences"
96;21100935115;"Revista Direito GV";journal;"23176172";"Fundacao Getulio Vargas, Escola de Direito de Sao Paulo";Yes;Yes;0,247;Q2;8;44;124;2005;42;124;0,35;45,57;50,79;0;Brazil;Latin America;"Fundacao Getulio Vargas, Escola de Direito de Sao Paulo";"2019-2026";"Law (Q2)";"Social Sciences"
97;21101146408;"Si Somos Americanos";journal;"07190948, 07182910";"Arturo Prat University";Yes;Yes;0,244;Q2;8;21;47;1303;37;47;0,50;62,05;31,03;0;Chile;Latin America;"Arturo Prat University";"2019-2026";"History (Q1); Cultural Studies (Q2); Social Sciences (miscellaneous) (Q3)";"Arts and Humanities; Social Sciences"
98;12100155723;"Andamios";journal;"18700063, 25941917";"Universidad Autonoma de la Ciudad de Mexico";Yes;No;0,244;Q3;17;60;162;2200;58;143;0,25;36,67;38,24;0;Mexico;Latin America;"Universidad Autonoma de la Ciudad de Mexico";"2008-2025";"Arts and Humanities (miscellaneous) (Q2); Social Sciences (miscellaneous) (Q3)";"Arts and Humanities; Social Sciences"
99;5700168481;"Revista Brasileira de Politica Internacional";journal;"19833121, 00347329";"INSTBRASILEIRORELACOESINT";Yes;Yes;0,244;Q3;25;25;75;1422;73;74;0,96;56,88;22,86;0;Brazil;Latin America;"INSTBRASILEIRORELACOESINT";"2008-2025";"History (Q1); Political Science and International Relations (Q3)";"Arts and Humanities; Social Sciences"
100;21100898611;"Mextesol Journal";journal;"23959908";"Asociacion Mexicana de Maestros de Ingles MEXTESOL A.C";Yes;Yes;0,243;Q2;11;49;223;2416;226;223;0,80;49,31;46,59;0;Mexico;Latin America;"Asociacion Mexicana de Maestros de Ingles MEXTESOL A.C";"2018-2026";"Cultural Studies (Q2); Linguistics and Language (Q2); Education (Q3)";"Social Sciences"
101;21100902661;"Acta Scientiae";journal;"15174492, 21787727";"Lutheran University of Brazil";No;No;0,243;Q3;11;27;180;846;113;180;0,60;31,33;51,67;0;Brazil;Latin America;"Lutheran University of Brazil";"2018-2026";"Multidisciplinary (Q2); Education (Q3)";"Multidisciplinary; Social Sciences"
102;23554;"Problemas del Desarrollo";journal;"03017036, 20078951";"Universidad Nacional Autonoma de Mexico";Yes;Yes;0,242;Q3;14;25;82;1197;46;82;0,54;47,88;34,78;1;Mexico;Latin America;"Universidad Nacional Autonoma de Mexico";"1979-1980, 1992-1993, 2009-2025";"Development (Q3); Economics and Econometrics (Q3)";"Economics, Econometrics and Finance; Social Sciences"
103;21101279753;"Boletin de Arqueologia PUCP";journal;"10292004, 23044292";"Pontificia Universidad Catolica del Peru";No;No;0,241;Q2;3;13;40;631;18;34;0,43;48,54;46,67;0;Peru;Latin America;"Pontificia Universidad Catolica del Peru";"2021-2025";"Archeology (Q2); Archeology (arts and humanities) (Q2)";"Arts and Humanities; Social Sciences"
104;21101089001;"Juridicas CUC";journal;"23897716, 16923030";"Universidad de la Costa";No;No;0,241;Q2;8;21;67;1022;54;64;0,76;48,67;41,86;0;Colombia;Latin America;"Universidad de la Costa";"2019-2025";"Law (Q2)";"Social Sciences"
105;4700152850;"Revista Brasileira de Ensino de Fisica";journal;"01024744";"Sociedade Brasileira de Fisica";Yes;Yes;0,240;Q3;18;160;370;6326;172;369;0,49;39,54;21,15;0;Brazil;Latin America;"Sociedade Brasileira de Fisica";"2006-2026";"Education (Q3); Physics and Astronomy (miscellaneous) (Q3)";"Physics and Astronomy; Social Sciences"
106;5800169849;"Colombia Internacional";journal;"19006004, 01215612";"Universidad de los Andes, Colombia";Yes;Yes;0,239;Q3;18;20;85;1414;68;85;0,60;70,70;52,94;0;Colombia;Latin America;"Universidad de los Andes, Colombia";"2011-2026";"History (Q1); Political Science and International Relations (Q3); Sociology and Political Science (Q3)";"Arts and Humanities; Social Sciences"
107;21100824951;"Revista Brasileira de Politicas Publicas";journal;"22361677, 21798338";"Centro Universitario de Brasilia";Yes;Yes;0,238;Q3;9;51;201;2089;42;200;0,20;40,96;41,67;0;Brazil;Latin America;"Centro Universitario de Brasilia";"2017-2025";"Public Administration (Q3)";"Social Sciences"
108;21101142418;"Disena";journal;"07188447, 24524298";"Pontificia Universidad Catolica de Chile";Yes;Yes;0,237;Q3;8;15;57;429;69;51;1,39;28,60;35,29;0;Chile;Latin America;"Pontificia Universidad Catolica de Chile";"2019-2025";"Arts and Humanities (miscellaneous) (Q2); Engineering (miscellaneous) (Q3); Human Factors and Ergonomics (Q3); Social Sciences (miscellaneous) (Q3)";"Arts and Humanities; Engineering; Social Sciences"
109;19700183093;"Revista Austral de Ciencias Sociales";journal;"07173202, 07181795";"Universidad Austral de Chile";Yes;Yes;0,237;Q3;12;50;95;2461;43;95;0,44;49,22;57,00;0;Chile;Latin America;"Universidad Austral de Chile";"2008-2010, 2012-2025";"Social Sciences (miscellaneous) (Q3)";"Social Sciences"
110;26787;"Boletin de Investigaciones Marinas y Costeras";journal;"25904671, 01229761";"INVEMAR";Yes;Yes;0,236;Q3;18;19;62;919;42;62;0,76;48,37;32,65;0;Colombia;Latin America;"INVEMAR";"1998, 2001-2025";"Conservation (Q2); Museology (Q2); Animal Science and Zoology (Q3); Aquatic Science (Q3); Geography, Planning and Development (Q3); Law (Q3); Management, Monitoring, Policy and Law (Q3); Oceanography (Q3); Water Science and Technology (Q3)";"Agricultural and Biological Sciences; Arts and Humanities; Earth and Planetary Sciences; Environmental Science; Social Sciences"
111;21101123123;"Autoctonia";journal;"07198213";"Universidad Bernardo O'Higgins";Yes;Yes;0,235;Q3;4;71;157;3798;42;150;0,27;53,49;48,36;2;Chile;Latin America;"Universidad Bernardo O'Higgins";"2019-2026";"History (Q1); Arts and Humanities (miscellaneous) (Q2); Social Sciences (miscellaneous) (Q3)";"Arts and Humanities; Social Sciences"
112;22826;"Gestion y Politica Publica";journal;"14051079, 24489182";"Centro de Investigacion y Docencia Economicas A.C.";Yes;No;0,233;Q3;16;9;29;673;23;28;0,78;74,78;61,54;0;Mexico;Latin America;"Centro de Investigacion y Docencia Economicas A.C.";"1995-2025";"Political Science and International Relations (Q3); Public Administration (Q3)";"Social Sciences"
113;21100896905;"Pensamiento Educativo";journal;"07190409, 07171013";"Pontificia Universidad Catolica de Chile";Yes;Yes;0,233;Q3;13;25;74;1433;70;74;0,98;57,32;48,28;0;Chile;Latin America;"Pontificia Universidad Catolica de Chile";"2018-2025";"Development (Q3); Education (Q3)";"Social Sciences"
114;21100900129;"Childhood and Philosophy";journal;"25255061, 19845987";"State Univ of Rio de Janeiro - Center of Childhood and Philosophy Studies";Yes;Yes;0,231;Q3;8;43;118;1654;59;118;0,60;38,47;53,85;0;Brazil;Latin America;"State Univ of Rio de Janeiro - Center of Childhood and Philosophy Studies";"2018-2026";"Philosophy (Q2); Education (Q3); Developmental and Educational Psychology (Q4)";"Arts and Humanities; Psychology; Social Sciences"
115;5600153133;"Sociedade e Estado";journal;"19805462, 01026992";"Universidade de Brasilia";Yes;Yes;0,231;Q3;23;35;117;1586;48;107;0,28;45,31;58,82;0;Brazil;Latin America;"Universidade de Brasilia";"2007-2025";"Geography, Planning and Development (Q3); Sociology and Political Science (Q3)";"Social Sciences"
116;21100863622;"Brazilian Journalism Research";journal;"18084079, 19819854";"Associacao Brasileira de Pesquisadores de Jornalismo";Yes;Yes;0,229;Q3;10;18;73;876;48;71;0,42;48,67;40,00;0;Brazil;Latin America;"Associacao Brasileira de Pesquisadores de Jornalismo";"2018-2025";"Communication (Q3)";"Social Sciences"
117;21100833036;"Texto Livre";journal;"19833652";"Lundiana";Yes;Yes;0,225;Q2;12;55;169;2086;119;167;0,72;37,93;44,14;0;Brazil;Latin America;"Lundiana";"2017-2026";"Linguistics and Language (Q2); Communication (Q3); Education (Q3); Computer Science Applications (Q4)";"Computer Science; Social Sciences"
118;21101196449;"Lengua y Sociedad";journal;"17299721, 24132659";"Universidad Nacional Mayor de San Marcos";Yes;Yes;0,224;Q2;5;76;142;2902;68;142;0,48;38,18;62,04;0;Peru;Latin America;"Universidad Nacional Mayor de San Marcos";"2023-2025";"Linguistics and Language (Q2)";"Social Sciences"
119;5800207867;"Lenguas Modernas";journal;"07195443, 07160542";"Universidad de Chile";Yes;Yes;0,224;Q2;10;6;62;342;45;60;0,90;57,00;55,56;0;Chile;Latin America;"Universidad de Chile";"2015-2025";"Linguistics and Language (Q2)";"Social Sciences"
120;19900191750;"Motriz. Revista de Educacao Fisica";journal;"14159805, 19806574";"Universidade Estadual Paulista (UNESP)";Yes;Yes;0,221;Q3;25;29;114;1176;89;114;0,56;40,55;43,61;0;Brazil;Latin America;"Universidade Estadual Paulista (UNESP)";"2010-2025";"Health (social science) (Q3); Medicine (miscellaneous) (Q4); Sports Science (Q4)";"Health Professions; Medicine; Social Sciences"
121;21100215170;"Palabra Clave";journal;"01228285, 2027534X";"Universidad de La Sabana";Yes;Yes;0,220;Q3;18;39;107;1865;82;103;0,67;47,82;56,98;0;Colombia;Latin America;"Universidad de La Sabana";"2012-2026";"Arts and Humanities (miscellaneous) (Q2); Communication (Q3)";"Arts and Humanities; Social Sciences"
122;12100155657;"Mundo Agrario";journal;"15155994";"Universidad Nacional de La Plata";Yes;Yes;0,218;Q3;12;48;79;1961;29;79;0,35;40,85;62,50;0;Argentina;Latin America;"Universidad Nacional de La Plata";"2008-2025";"History (Q1); Agricultural and Biological Sciences (miscellaneous) (Q3); Geography, Planning and Development (Q3); Industrial Relations (Q3); Urban Studies (Q3)";"Agricultural and Biological Sciences; Arts and Humanities; Business, Management and Accounting; Social Sciences"
123;21101234844;"Revista Pesquisa Qualitativa";journal;"25258222";"Sociedade de Estudos e Pesquisa Qualitativos";No;No;0,218;Q3;7;90;115;3136;58;114;0,47;34,84;62,84;0;Brazil;Latin America;"Sociedade de Estudos e Pesquisa Qualitativos";"2020-2026";"History and Philosophy of Science (Q2); Education (Q3); Health (social science) (Q3); Social Sciences (miscellaneous) (Q3)";"Arts and Humanities; Social Sciences"
124;14377;"Estudios Sociologicos";journal;"01854186, 24486442";"Colegio de Mexico, A.C., Departamento de Publicaciones";Yes;Yes;0,217;Q3;10;32;176;1340;70;176;0,30;41,88;48,15;0;Mexico;Latin America;"Colegio de Mexico, A.C., Departamento de Publicaciones";"1984-1985, 1992, 1994-1996, 1998, 2014-2025";"Political Science and International Relations (Q3); Sociology and Political Science (Q3)";"Social Sciences"
125;5700176609;"Revista Mexicana de Investigacion Educativa";journal;"14056666";"Consejo Mexicano de Investigacion Educativa";Yes;No;0,217;Q3;22;46;162;1639;99;147;0,48;35,63;58,82;0;Mexico;Latin America;"Consejo Mexicano de Investigacion Educativa";"2009, 2012-2026";"Education (Q3)";"Social Sciences"
126;19900193545;"Boletim do Museu Paraense Emilio Goeldi: Ciencias Humanas";journal;"19818122, 21782547";"Museu Paraense Emilio Goeldi";Yes;Yes;0,216;Q2;20;36;126;1901;50;124;0,31;52,81;46,38;0;Brazil;Latin America;"Museu Paraense Emilio Goeldi";"2011-2025";"Anthropology (Q2); Archeology (Q2); Archeology (arts and humanities) (Q2); Linguistics and Language (Q2)";"Arts and Humanities; Social Sciences"
127;21101018933;"Habitat Sustentable";journal;"07190700";"Universidad del Bio Bio";Yes;Yes;0,216;Q3;7;21;59;665;48;52;0,90;31,67;45,45;0;Chile;Latin America;"Universidad del Bio Bio";"2019-2025";"Architecture (Q2); Geography, Planning and Development (Q3); Urban Studies (Q3); Building and Construction (Q4); Experimental and Cognitive Psychology (Q4); Materials Science (miscellaneous) (Q4); Renewable Energy, Sustainability and the Environment (Q4)";"Energy; Engineering; Materials Science; Psychology; Social Sciences"
128;21100896892;"Revista de Administracao Mackenzie";journal;"15186776, 16786971";"Mackenzie Presbyterian University";Yes;Yes;0,214;Q3;20;43;119;2531;145;118;1,12;58,86;40,34;0;Brazil;Latin America;"Mackenzie Presbyterian University";"2008-2025";"Business, Management and Accounting (miscellaneous) (Q3); Sociology and Political Science (Q3)";"Business, Management and Accounting; Social Sciences"
129;21101044933;"Contratexto";journal;"10259945, 19934904";"Universidad de Lima";Yes;Yes;0,213;Q2;5;21;78;910;48;73;0,63;43,33;58,54;0;Peru;Latin America;"Universidad de Lima";"2019-2025";"Linguistics and Language (Q2); Communication (Q3)";"Social Sciences"
130;5800207832;"Estudios de Cultura Maya";journal;"24485179, 01852574";"Universidad Nacional Autonoma de Mexico, Instituto de Investigaciones Filosoficas";Yes;Yes;0,212;Q2;10;22;66;1289;16;66;0,28;58,59;34,78;0;Mexico;Latin America;"Universidad Nacional Autonoma de Mexico, Instituto de Investigaciones Filosoficas";"2013-2025";"Anthropology (Q2); Archeology (Q2); Archeology (arts and humanities) (Q2); Cultural Studies (Q2)";"Arts and Humanities; Social Sciences"
131;4700152250;"Revista Brasileira de Ciencias Sociais";journal;"01026909, 18069053";"Associacao Nacional de Pos-Graduacao e Pesquisa em Ciencias Sociais - ANPOCS";Yes;No;0,212;Q3;23;37;112;1670;50;111;0,41;45,14;61,54;0;Brazil;Latin America;"Associacao Nacional de Pos-Graduacao e Pesquisa em Ciencias Sociais - ANPOCS";"2006-2025";"Social Sciences (miscellaneous) (Q3)";"Social Sciences"
132;29758;"Revista Mexicana de Fisica";journal;"0035001X";"Sociedad Mexicana de Fisica";Yes;No;0,210;Q3;37;111;334;4385;362;333;1,15;39,50;26,05;0;Mexico;Latin America;"Sociedad Mexicana de Fisica";"1981, 1991-1993, 1995-2026";"Education (Q3); Physics and Astronomy (miscellaneous) (Q4)";"Physics and Astronomy; Social Sciences"
133;21100447821;"Poblacion y Sociedad";journal;"18528562, 03283445";"Portal de Revistas de la Universidad Nacional de La Pampa";Yes;Yes;0,209;Q3;9;15;64;693;24;58;0,39;46,20;48,39;0;Argentina;Latin America;"Portal de Revistas de la Universidad Nacional de La Pampa";"2015-2025";"Demography (Q3)";"Social Sciences"
134;21100454974;"Bakhtiniana";journal;"21764573";"Pontificia Universidade Catolica de Sao Paulo";Yes;Yes;0,208;Q2;8;47;153;1068;73;138;0,67;22,72;56,94;0;Brazil;Latin America;"Pontificia Universidade Catolica de Sao Paulo";"2015-2026";"Literature and Literary Theory (Q1); Linguistics and Language (Q2); Philosophy (Q2)";"Arts and Humanities; Social Sciences"
135;21101163374;"Cuadernos de Linguistica Hispanica";journal;"23461829, 0121053X";"Universidad Pedagogica y Tecnologica de Colombia";Yes;Yes;0,208;Q2;4;21;63;646;23;63;0,40;30,76;36,00;0;Colombia;Latin America;"Universidad Pedagogica y Tecnologica de Colombia";"2019-2025";"Linguistics and Language (Q2)";"Social Sciences"
136;4400151727;"Estudos Avancados";journal;"18069592, 01034014";"Instituto de Estudos Avancados da Universidade de Sao Paulo";Yes;Yes;0,208;Q2;39;64;200;2440;99;192;0,36;38,13;43,06;0;Brazil;Latin America;"Instituto de Estudos Avancados da Universidade de Sao Paulo";"2006-2025";"Cultural Studies (Q2); Sociology and Political Science (Q3)";"Social Sciences"
137;5600155441;"Ambiente e Sociedade";journal;"1414753X";"Universidade Estadual de Campinas UNICAMP";Yes;No;0,208;Q3;28;60;187;2545;108;173;0,39;42,42;45,95;0;Brazil;Latin America;"Universidade Estadual de Campinas UNICAMP";"2006-2025";"Social Sciences (miscellaneous) (Q3); Environmental Science (miscellaneous) (Q4)";"Environmental Science; Social Sciences"
138;6600153105;"Revista Brasileira de Educacao";journal;"1809449X, 14132478";"Revista Brasileira de Educacao";Yes;Yes;0,208;Q3;21;89;258;4058;92;258;0,37;45,60;52,86;0;Brazil;Latin America;"Revista Brasileira de Educacao";"2007-2025";"Education (Q3)";"Social Sciences"
139;19700182354;"Movimento";journal;"19828918, 0104754X";"Universidade Federal do Rio Grande do Sul";Yes;Yes;0,207;Q3;20;71;205;2944;113;205;0,43;41,46;39,02;0;Brazil;Latin America;"Universidade Federal do Rio Grande do Sul";"2010-2025";"Education (Q3)";"Social Sciences"
140;10800153306;"Revista de Administracao Publica";journal;"19823134, 00347612";"Fundacao Getulio Vargas";Yes;Yes;0,207;Q4;29;25;121;1204;93;119;0,71;48,16;42,55;0;Brazil;Latin America;"Fundacao Getulio Vargas";"2007-2025";"Public Administration (Q4)";"Social Sciences"
141;20000195049;"Magis";journal;"20271174, 20271182";"Pontificia Universidad Javeriana";Yes;Yes;0,206;Q3;18;29;80;1251;40;80;0,33;43,14;71,93;0;Colombia;Latin America;"Pontificia Universidad Javeriana";"2008-2025";"Education (Q3)";"Social Sciences"
142;21100790345;"Revista Mad";journal;"07180527";"Universidad de Chile";Yes;Yes;0,206;Q3;5;15;41;653;13;39;0,22;43,53;18,75;0;Chile;Latin America;"Universidad de Chile";"2016-2025";"Social Sciences (miscellaneous) (Q3)";"Social Sciences"
143;21100244898;"Antipoda";journal;"19005407, 20114273";"Universidad de los Andes, Colombia";Yes;Yes;0,205;Q2;12;35;77;1720;36;77;0,58;49,14;40,00;0;Colombia;Latin America;"Universidad de los Andes, Colombia";"2013-2026";"Anthropology (Q2); Archeology (Q2); Archeology (arts and humanities) (Q2); Cultural Studies (Q2)";"Arts and Humanities; Social Sciences"
144;21101063732;"Law of Justice Journal";journal;"14137038, 22383212";"Universidade de Passo Fundo";No;No;0,205;Q3;5;35;91;930;44;90;0,67;26,57;28,57;0;Brazil;Latin America;"Universidade de Passo Fundo";"2019-2025";"Law (Q3)";"Social Sciences"
145;21101218357;"Revista da Defensoria Publica do Distrito Federal";journal;"26745755, 26745739";"Defensoria Publica do Distrito Federal";Yes;Yes;0,205;Q3;2;0;27;0;1;23;0,00;0,00;0,00;0;Brazil;Latin America;"Defensoria Publica do Distrito Federal";"2019-2024";"Law (Q3); Social Sciences (miscellaneous) (Q3)";"Social Sciences"
146;19700170481;"Bitacora Urbano Territorial";journal;"01247913, 2027145X";"Universidad Nacional de Colombia";Yes;Yes;0,204;Q3;12;39;152;996;65;144;0,28;25,54;45,00;0;Colombia;Latin America;"Universidad Nacional de Colombia";"2009-2026";"Arts and Humanities (miscellaneous) (Q2); Geography, Planning and Development (Q3); Urban Studies (Q3)";"Arts and Humanities; Social Sciences"
147;21100897945;"Educacao and Realidade";journal;"01003143, 21756236";"Universidade Federal do Rio Grande do Sul,Faculdade de Educacao";Yes;Yes;0,204;Q3;9;60;185;2219;62;184;0,26;36,98;55,88;0;Brazil;Latin America;"Universidade Federal do Rio Grande do Sul,Faculdade de Educacao";"2018-2025";"Arts and Humanities (miscellaneous) (Q2); Education (Q3); Social Sciences (miscellaneous) (Q3)";"Arts and Humanities; Social Sciences"
148;21101225722;"Foro: Revista de Derecho";journal;"26312484, 13902466";"Universidad Andina Simon Olivar, Sede Ecuador";Yes;Yes;0,204;Q3;4;19;60;560;24;53;0,38;29,47;60,00;0;Ecuador;Latin America;"Universidad Andina Simon Olivar, Sede Ecuador";"2020-2026";"Law (Q3)";"Social Sciences"
149;21100305234;"Comunicacion y Sociedad (Mexico)";journal;"0188252X, 24489042";"Universidad de Guadalajara";Yes;Yes;0,203;Q2;15;35;88;1465;56;84;0,51;41,86;50,75;0;Mexico;Latin America;"Universidad de Guadalajara";"2009-2010, 2013-2026";"Cultural Studies (Q2); Communication (Q3)";"Social Sciences"
150;5600153356;"Perfiles Latinoamericanos";journal;"01887653";"Flacso Mexico";Yes;Yes;0,203;Q3;16;26;87;1195;42;87;0,48;45,96;35,90;0;Mexico;Latin America;"Flacso Mexico";"2008-2026";"Sociology and Political Science (Q3)";"Social Sciences"
151;21101152593;"Novos Estudos Juridicos";journal;"21750491";"UNIVALI";No;No;0,202;Q3;2;21;100;797;16;100;0,13;37,95;44,83;0;Brazil;Latin America;"UNIVALI";"2022-2025";"Law (Q3); Management, Monitoring, Policy and Law (Q4)";"Environmental Science; Social Sciences"
152;7000153201;"Estudios Atacamenos";journal;"07181043, 07160925";"Universidad Catolica del Norte";Yes;Yes;0,201;Q2;26;8;51;598;25;51;0,30;74,75;21,43;0;Chile;Latin America;"Universidad Catolica del Norte";"2007-2025";"Archeology (Q2); Archeology (arts and humanities) (Q2); Cultural Studies (Q2); History (Q2); Anthropology (Q3)";"Arts and Humanities; Social Sciences"
153;21100897722;"Cuadernos de Geografia: Revista Colombiana de Geografia";journal;"0121215X, 22565442";"Universidad Nacional de Colombia";Yes;Yes;0,201;Q3;10;43;92;2063;49;86;0,34;47,98;40,40;0;Colombia;Latin America;"Universidad Nacional de Colombia";"2018-2025";"Geography, Planning and Development (Q3); Earth and Planetary Sciences (miscellaneous) (Q4); Environmental Science (miscellaneous) (Q4)";"Earth and Planetary Sciences; Environmental Science; Social Sciences"
154;19700169972;"Ensayos Sobre Politica Economica";journal;"01204483, 26651327";"Banco de la Republica";Yes;No;0,201;Q3;12;3;5;426;5;4;1,00;142,00;33,33;2;Colombia;Latin America;"Banco de la Republica";"2009-2025";"Political Science and International Relations (Q3); Economics and Econometrics (Q4)";"Economics, Econometrics and Finance; Social Sciences"
155;21101017489;"Nueva Revista del Pacifico";journal;"07166346, 07195176";"Universidad de Playa Ancha de Ciencias de la Educacion";Yes;Yes;0,200;Q2;5;33;73;1176;23;71;0,32;35,64;47,73;0;Chile;Latin America;"Universidad de Playa Ancha de Ciencias de la Educacion";"2019-2025";"Literature and Literary Theory (Q1); Linguistics and Language (Q2)";"Arts and Humanities; Social Sciences"
156;21101105294;"Revista Brasileira de Seguranca Publica";journal;"19811659, 25950258";"Forum Brasileiro de Seguranca Publica";Yes;Yes;0,200;Q3;4;37;119;1556;19;113;0,15;42,05;36,36;0;Brazil;Latin America;"Forum Brasileiro de Seguranca Publica";"2019-2025";"Law (Q3); Sociology and Political Science (Q3)";"Social Sciences"
157;21101128485;"Historia Agraria de America Latina";journal;"24525162";"Centro de Estudios de Historia Agraria de America Latina";Yes;Yes;0,198;Q3;3;18;40;812;15;40;0,39;45,11;39,13;0;Chile;Latin America;"Centro de Estudios de Historia Agraria de America Latina";"2020-2025";"Arts and Humanities (miscellaneous) (Q2); History (Q2); Social Sciences (miscellaneous) (Q3)";"Arts and Humanities; Social Sciences"
158;21100792502;"Trashumante";journal;"23229675, 23229381";"Universidad de Antioquia";Yes;Yes;0,198;Q3;7;21;88;724;25;87;0,29;34,48;65,22;0;Colombia;Latin America;"Universidad de Antioquia";"2013-2026";"History (Q2); Social Sciences (miscellaneous) (Q3)";"Arts and Humanities; Social Sciences"
159;21101050907;"Revista Bioetica";journal;"19838034, 19838042";"Conselho Federal de Medicina";Yes;Yes;0,198;Q4;11;79;211;2507;107;199;0,39;31,73;57,14;0;Brazil;Latin America;"Conselho Federal de Medicina";"2019-2025";"Philosophy (Q2); Health (social science) (Q4); Medicine (miscellaneous) (Q4)";"Arts and Humanities; Medicine; Social Sciences"
160;21101180709;"Austral Comunicacion";journal;"23139129, 23139137";"Austral University, Faculty of Communication";Yes;Yes;0,197;Q2;2;43;17;1808;15;17;0,88;42,05;43,64;0;Argentina;Latin America;"Austral University, Faculty of Communication";"2023-2026";"Linguistics and Language (Q2); Communication (Q3); Speech and Hearing (Q3); Computer Networks and Communications (Q4); Electrical and Electronic Engineering (Q4); Information Systems (Q4)";"Computer Science; Engineering; Health Professions; Social Sciences"
161;5600152954;"Convergencia";journal;"24485799, 14051435";"Universidad Autonoma del Estado de Mexico";Yes;Yes;0,197;Q3;18;20;40;1029;36;40;0,61;51,45;60,61;0;Mexico;Latin America;"Universidad Autonoma del Estado de Mexico";"2008-2026";"Social Sciences (miscellaneous) (Q3)";"Social Sciences"
162;21101188213;"Revista Chilena de Derecho y Ciencia Politica";journal;"07192150, 07189389";"Catholic University of Temuco Faculty of Law Economics and Administrative Sciences";Yes;Yes;0,197;Q3;4;19;61;1241;30;55;0,55;65,32;33,33;0;Chile;Latin America;"Catholic University of Temuco Faculty of Law Economics and Administrative Sciences";"2019-2026";"Law (Q3); Sociology and Political Science (Q3)";"Social Sciences"
163;11700154713;"Perspectivas em Ciencia da Informacao";journal;"19815344, 14139936";"Escola de Ciencia da Informacao da UFMG";Yes;Yes;0,195;Q3;14;16;81;572;41;79;0,30;35,75;56,52;0;Brazil;Latin America;"Escola de Ciencia da Informacao da UFMG";"2008-2025";"Museology (Q2); Communication (Q3); Library and Information Sciences (Q3); Information Systems (Q4)";"Arts and Humanities; Computer Science; Social Sciences"
164;21101152137;"Revista de Defesa da Concorrencia";journal;"23182253";"Administrative Council for Economic Defense (CADE)";Yes;Yes;0,195;Q3;3;21;53;718;9;53;0,20;34,19;28,57;0;Brazil;Latin America;"Administrative Council for Economic Defense (CADE)";"2019-2025";"Law (Q3); Economics and Econometrics (Q4)";"Economics, Econometrics and Finance; Social Sciences"
165;4700152249;"Educacao e Pesquisa";journal;"15179702, 16784634";"Emerson de Pietri";Yes;Yes;0,195;Q4;26;115;348;4347;162;348;0,50;37,80;67,16;0;Brazil;Latin America;"Emerson de Pietri";"1999-2002, 2006-2025";"Education (Q4)";"Social Sciences"
166;21100212700;"RAE Revista de Administracao de Empresas";journal;"2178938X, 00347590";"Fundacao Getulio Vargas";Yes;Yes;0,195;Q4;26;50;150;2802;130;148;0,76;56,04;42,03;0;Brazil;Latin America;"Fundacao Getulio Vargas";"2007-2025";"Information Systems and Management (Q3); Business and International Management (Q4); Business, Management and Accounting (miscellaneous) (Q4); Development (Q4); Education (Q4); Industrial Relations (Q4); Management of Technology and Innovation (Q4); Management Science and Operations Research (Q4); Marketing (Q4); Organizational Behavior and Human Resource Management (Q4); Public Administration (Q4); Strategy and Management (Q4)";"Business, Management and Accounting; Decision Sciences; Social Sciences"
167;21100831020;"Civilistica.com";journal;"23168374";"Revista Civilistica";Yes;Yes;0,194;Q3;4;68;110;2365;13;110;0,14;34,78;29,17;0;Brazil;Latin America;"Revista Civilistica";"2017-2025";"Law (Q3)";"Social Sciences"
168;21100258911;"Izquierdas";journal;"07185049";"Ariadna Ediciones";Yes;Yes;0,194;Q3;13;79;233;3246;40;232;0,09;41,09;34,29;0;Chile;Latin America;"Ariadna Ediciones";"2013-2025";"History (Q2); Political Science and International Relations (Q3); Sociology and Political Science (Q3)";"Arts and Humanities; Social Sciences"
169;21100829925;"HiSTOReLo";journal;"2145132X";"Universidad Nacional de Colombia";Yes;Yes;0,193;Q2;6;25;72;1291;18;62;0,09;51,64;47,22;0;Colombia;Latin America;"Universidad Nacional de Colombia";"2013-2026";"Cultural Studies (Q2); History (Q2); Pharmacology, Toxicology and Pharmaceutics (miscellaneous) (Q3); Social Sciences (miscellaneous) (Q3)";"Arts and Humanities; Pharmacology, Toxicology and Pharmaceutics; Social Sciences"
170;21101271735;"Revista Digital de Investigacion en Docencia Universitaria";journal;"22232516";"Universidad Peruana de Ciencias Aplicadas";Yes;Yes;0,192;Q2;11;22;58;1293;49;53;0,59;58,77;50,00;0;Peru;Latin America;"Universidad Peruana de Ciencias Aplicadas";"2020-2026";"Cultural Studies (Q2); Developmental and Educational Psychology (Q4); Education (Q4)";"Psychology; Social Sciences"
171;23132;"Revista Estudos Feministas";journal;"18069584, 0104026X";"Universidade Federal de Santa Catarina";Yes;Yes;0,192;Q3;25;80;284;2387;104;278;0,30;29,84;77,67;0;Brazil;Latin America;"Universidade Federal de Santa Catarina";"1994-1995, 2006-2025";"Gender Studies (Q3)";"Social Sciences"
172;21100812853;"Journal of Physical Education (Maringa)";journal;"24482455";"Universidade Estadual de Maringa";Yes;No;0,191;Q4;16;58;181;2154;97;181;0,41;37,14;30,39;0;Brazil;Latin America;"Universidade Estadual de Maringa";"2009, 2016-2025";"Education (Q4); Health (social science) (Q4); Physical Therapy, Sports Therapy and Rehabilitation (Q4); Public Health, Environmental and Occupational Health (Q4)";"Health Professions; Medicine; Social Sciences"
173;22988;"Revista Venezolana de Gerencia";journal;"13159984";"Universidad del Zulia";Yes;Yes;0,191;Q4;19;207;621;8768;503;601;0,80;42,36;39,61;0;Venezuela;Latin America;"Universidad del Zulia";"1996-2026";"Business, Management and Accounting (miscellaneous) (Q4); Geography, Planning and Development (Q4)";"Business, Management and Accounting; Social Sciences"
174;21100944721;"Cadernos de Traducao";journal;"21757968, 1414526X";"Universidade Federal de Santa Catarina";Yes;Yes;0,190;Q2;8;32;305;1786;78;296;0,28;55,81;53,66;0;Brazil;Latin America;"Universidade Federal de Santa Catarina";"2019-2025";"Literature and Literary Theory (Q1); Cultural Studies (Q2); Linguistics and Language (Q2); Gender Studies (Q3); Artificial Intelligence (Q4); Education (Q4)";"Arts and Humanities; Computer Science; Social Sciences"
175;26808;"Estudios Demograficos y Urbanos";journal;"24486515, 01867210";"Colegio de Mexico, A.C., Departamento de Publicaciones";Yes;Yes;0,190;Q3;12;24;83;1023;42;81;0,43;42,63;41,86;0;Mexico;Latin America;"Colegio de Mexico, A.C., Departamento de Publicaciones";"1986-1999, 2014-2026";"Demography (Q3); Urban Studies (Q3)";"Social Sciences"
176;21101034121;"Revista Argentina de Antropologia Biologica";journal;"18536387";"Asociacion de Antropologia Biologica Argentina";Yes;Yes;0,190;Q3;6;26;52;1920;26;50;0,45;73,85;60,44;0;Argentina;Latin America;"Asociacion de Antropologia Biologica Argentina";"2019-2025";"Anthropology (Q3); Archeology (Q3); Developmental Biology (Q4); Genetics (Q4)";"Biochemistry, Genetics and Molecular Biology; Social Sciences"
177;5700160666;"Journal of Human Growth and Development";journal;"01041282, 21753598";"Centro de Estudos de Crescimento e Desenvolvimento do Ser Humano";Yes;Yes;0,190;Q4;19;47;150;1633;91;145;0,62;34,74;42,99;0;Brazil;Latin America;"Centro de Estudos de Crescimento e Desenvolvimento do Ser Humano";"2012-2025";"Life-span and Life-course Studies (Q4); Medicine (miscellaneous) (Q4)";"Medicine; Social Sciences"
178;5700169412;"Acta Comportamentalia";journal;"01888145";"Universidad Nacional Autonoma de Mexico";No;No;0,189;Q2;6;37;108;1535;23;107;0,18;41,49;42,17;0;Mexico;Latin America;"Universidad Nacional Autonoma de Mexico";"2017-2025";"Linguistics and Language (Q2); Applied Psychology (Q4); Developmental and Educational Psychology (Q4); Education (Q4)";"Psychology; Social Sciences"
179;21100982310;"Logos: Revista de Linguistica, Filosofia y Literatura";journal;"07167520, 07193262";"Universidad de la Serena,Departamento de Artes y Letras";Yes;Yes;0,189;Q2;7;59;90;2025;30;90;0,26;34,32;48,00;0;Chile;Latin America;"Universidad de la Serena,Departamento de Artes y Letras";"2019-2025";"Literature and Literary Theory (Q1); Linguistics and Language (Q2); Philosophy (Q2)";"Arts and Humanities; Social Sciences"
180;21101192682;"Nuevo Derecho";journal;"20114540, 2500672X";"University Institution of Envigado";Yes;Yes;0,189;Q3;3;10;43;489;12;37;0,24;48,90;28,57;0;Colombia;Latin America;"University Institution of Envigado";"2019-2025";"Law (Q3); Social Sciences (miscellaneous) (Q3)";"Social Sciences"
181;21101152576;"Revista Eletronica de Direito Processual";journal;"19827636";"Universidade do Estado do Rio de Janeiro";Yes;Yes;0,188;Q3;5;68;253;1957;16;253;0,06;28,78;25,76;0;Brazil;Latin America;"Universidade do Estado do Rio de Janeiro";"2019-2026";"Law (Q3)";"Social Sciences"
182;21101134367;"Revista Juridica Austral";journal;"2684057X, 26840537";"Austral University";Yes;Yes;0,188;Q3;3;32;80;1651;8;75;0,07;51,59;19,35;0;Argentina;Latin America;"Austral University";"2020-2025";"Law (Q3)";"Social Sciences"
183;21100227421;"Quinto Sol";journal;"03292665, 18512879";"Instituto de Estudios Sociohistoricos";Yes;Yes;0,187;Q2;8;32;95;887;16;91;0,17;27,72;55,88;0;Argentina;Latin America;"Instituto de Estudios Sociohistoricos";"2012-2025";"Cultural Studies (Q2); History (Q2); Sociology and Political Science (Q3)";"Arts and Humanities; Social Sciences"
184;5600152973;"Analisis Politico";journal;"01214705";"Universidad Nacional de Colombia";Yes;No;0,186;Q3;14;26;70;1363;41;65;0,67;52,42;19,44;0;Colombia;Latin America;"Universidad Nacional de Colombia";"1996, 2007-2012, 2014-2025";"History (Q2); Political Science and International Relations (Q3); Sociology and Political Science (Q3)";"Arts and Humanities; Social Sciences"
185;21100901477;"Historia Regional";journal;"03298213, 24690732";"Seccion Historia. Instituto Superior del Profesorado 'Eduardo Lafferriere'";Yes;Yes;0,186;Q3;3;56;167;2000;21;162;0,13;35,71;51,39;0;Argentina;Latin America;"Seccion Historia. Instituto Superior del Profesorado 'Eduardo Lafferriere'";"2018-2026";"History (Q2); Social Sciences (miscellaneous) (Q3)";"Arts and Humanities; Social Sciences"
186;4700152715;"Horizontes Antropologicos";journal;"01047183";"Programa de Pos-Graduacao em Antropologia Social - IFCH-UFRGS";Yes;Yes;0,186;Q3;21;7;95;318;37;95;0,32;45,43;53,33;0;Brazil;Latin America;"Programa de Pos-Graduacao em Antropologia Social - IFCH-UFRGS";"2006-2025";"Anthropology (Q3)";"Social Sciences"
187;21100888590;"Revista Interamericana de Bibliotecologia";journal;"25389866, 01200976";"Escuela Interamericana de Bibliotecologia";Yes;Yes;0,185;Q3;12;22;64;700;30;58;0,51;31,82;54,55;0;Colombia;Latin America;"Escuela Interamericana de Bibliotecologia";"2000-2026";"Library and Information Sciences (Q3)";"Social Sciences"
188;21100905327;"Investigacoes em Ensino de Ciencias";journal;"15188795, 15189384";"Universidade Federal do Rio Grande do Sul, Instituto de Fisica";Yes;Yes;0,185;Q4;6;56;172;2926;68;172;0,25;52,25;48,48;0;Brazil;Latin America;"Universidade Federal do Rio Grande do Sul, Instituto de Fisica";"2019-2025";"Education (Q4)";"Social Sciences"
189;21101119540;"Cuhso";journal;"2452610X";"Faculty of Social Sciences and Humanities, Catholic University of Temuco";Yes;Yes;0,184;Q2;6;67;142;3548;56;123;0,27;52,96;52,53;0;Chile;Latin America;"Faculty of Social Sciences and Humanities, Catholic University of Temuco";"2020-2025";"Cultural Studies (Q2); Anthropology (Q3)";"Social Sciences"
190;21101233761;"Desde el Sur";journal;"20762674, 24150959";"Universidad Cientifica del Sur";Yes;Yes;0,184;Q2;7;102;168;4439;84;157;0,52;43,52;43,79;0;Peru;Latin America;"Universidad Cientifica del Sur";"2021-2025";"Cultural Studies (Q2); Gender Studies (Q3); Library and Information Sciences (Q3); Sociology and Political Science (Q3); Education (Q4); Public Administration (Q4); Safety Research (Q4)";"Social Sciences"
191;5800207800;"Literatura y Linguistica";journal;"0717621X, 07165811";"Universidad Catolica Silva Henriquez";Yes;Yes;0,184;Q2;14;20;125;779;50;124;0,35;38,95;57,69;0;Chile;Latin America;"Universidad Catolica Silva Henriquez";"2008-2025";"Literature and Literary Theory (Q1); Linguistics and Language (Q2)";"Arts and Humanities; Social Sciences"
192;20000195045;"Revista Colombiana de Antropologia";journal;"2539472X, 04866525";"Instituto Colombiano de Antropologia e Historia";Yes;Yes;0,184;Q2;15;30;68;1273;26;65;0,34;42,43;56,25;0;Colombia;Latin America;"Instituto Colombiano de Antropologia e Historia";"2011-2026";"Archeology (arts and humanities) (Q2); Cultural Studies (Q2); History (Q2); Anthropology (Q3)";"Arts and Humanities; Social Sciences"
193;21101179091;"Revista Eletronica Direito e Sociedade";journal;"23188081";"Universidade LaSalle - Unilasalle";Yes;Yes;0,184;Q2;4;39;101;1416;22;96;0,28;36,31;48,94;0;Brazil;Latin America;"Universidade LaSalle - Unilasalle";"2019-2025";"Cultural Studies (Q2); Gender Studies (Q3); Social Sciences (miscellaneous) (Q3)";"Social Sciences"
194;21100872774;"Desenvolvimento e Meio Ambiente";journal;"21769109, 1518952X";"Universidade Federal do Parana";Yes;Yes;0,184;Q4;12;37;200;1771;90;196;0,41;47,86;42,31;0;Brazil;Latin America;"Universidade Federal do Parana";"2018-2025";"Environmental Science (miscellaneous) (Q4); Geography, Planning and Development (Q4)";"Environmental Science; Social Sciences"
195;21100824458;"Sustainability in Debate";journal;"21777675, 21799067";"Universidade de Brasilia";Yes;Yes;0,184;Q4;10;33;104;1512;52;94;0,56;45,82;53,19;0;Brazil;Latin America;"Universidade de Brasilia";"2013, 2017-2025";"Development (Q4); Geography, Planning and Development (Q4); Management, Monitoring, Policy and Law (Q4)";"Environmental Science; Social Sciences"
196;21101224872;"International Journal of Innovation";journal;"23189975";"Universidade Nove de Julho-UNINOVE";No;No;0,183;Q3;4;27;60;1648;57;54;0,95;61,04;21,15;0;Brazil;Latin America;"Universidade Nove de Julho-UNINOVE";"2023-2025";"Social Sciences (miscellaneous) (Q3); Management of Technology and Innovation (Q4)";"Business, Management and Accounting; Social Sciences"
197;21101034113;"Revista Brasileira de Geografia Fisica";journal;"19842295";"Universidade Federal de Pernambuco";Yes;No;0,182;Q4;12;320;691;17442;462;688;0,66;54,51;35,96;0;Brazil;Latin America;"Universidade Federal de Pernambuco";"2019-2026";"Atmospheric Science (Q4); Computers in Earth Sciences (Q4); Earth-Surface Processes (Q4); Environmental Science (miscellaneous) (Q4); Geography, Planning and Development (Q4); Geophysics (Q4)";"Earth and Planetary Sciences; Environmental Science; Social Sciences"
198;19700173306;"Revista Latinoamericana de Investigacion en Matematica Educativa";journal;"16652436";"Comite Latinoamericano de Matematica Educativa";Yes;No;0,181;Q4;14;4;45;182;18;36;0,24;45,50;33,33;0;Mexico;Latin America;"Comite Latinoamericano de Matematica Educativa";"2009-2024";"Education (Q4)";"Social Sciences"
199;21101109585;"Revista da Faculdade de Direito da Universidade Federal de Minas Gerais";journal;"19841841, 03042340";"Faculdade de Direito da Universidade Federal de Minas Gerais";Yes;Yes;0,180;Q3;3;34;122;1091;9;106;0,08;32,09;51,85;0;Brazil;Latin America;"Faculdade de Direito da Universidade Federal de Minas Gerais";"2019-2025";"Arts and Humanities (miscellaneous) (Q2); History (Q2); Philosophy (Q2); Law (Q3)";"Arts and Humanities; Social Sciences"
200;21100242828;"Revista de Direito, Estado e Telecomunicacoes";journal;"19849729, 19848161";"Universidade de Brasilia";Yes;Yes;0,179;Q3;9;27;71;1260;50;71;0,66;46,67;49,21;0;Brazil;Latin America;"Universidade de Brasilia";"2009, 2013-2025";"Law (Q3); Computer Networks and Communications (Q4); Electrical and Electronic Engineering (Q4)";"Computer Science; Engineering; Social Sciences"
201;17356;"Revista Mexicana de Sociologia";journal;"25940651, 01882503";"Universidad Nacional Autonoma de Mexico";Yes;Yes;0,179;Q3;19;30;122;1489;58;122;0,40;49,63;28,95;0;Mexico;Latin America;"Universidad Nacional Autonoma de Mexico";"1976, 1978-1979, 1981, 1983, 1985, 1988, 1990, 1993, 1995-1996, 2011-2025";"Social Sciences (miscellaneous) (Q3); Sociology and Political Science (Q3)";"Social Sciences"
202;4500151523;"Educacao e Sociedade";journal;"16784626, 01017330";"Centro de Estudos Educacao e Sociedade - CEDES";Yes;No;0,179;Q4;32;60;176;2271;65;158;0,39;37,85;55,05;0;Brazil;Latin America;"Centro de Estudos Educacao e Sociedade - CEDES";"2006-2025";"Education (Q4)";"Social Sciences"
203;5700164339;"Lua Nova";journal;"01026445";"CEDEC";Yes;Yes;0,178;Q3;19;13;94;696;29;89;0,32;53,54;41,18;0;Brazil;Latin America;"CEDEC";"2006-2025";"Sociology and Political Science (Q3)";"Social Sciences"
204;5000157105;"DELTA Documentacao de Estudos em Linguistica Teorica e Aplicada";journal;"1678460X, 01024450";"Pontificia Universidade Catolica de Sao Paulo";Yes;Yes;0,177;Q2;17;37;182;1103;39;182;0,20;29,81;67,86;0;Brazil;Latin America;"Pontificia Universidade Catolica de Sao Paulo";"2006-2025";"Linguistics and Language (Q2)";"Social Sciences"
205;19400157009;"Investigacion Bibliotecologica";journal;"0187358X, 24488321";"Universidad Nacional Autonoma de Mexico";Yes;Yes;0,177;Q3;16;39;118;1194;60;118;0,49;30,62;40,00;0;Mexico;Latin America;"Universidad Nacional Autonoma de Mexico";"2001, 2008-2025";"Library and Information Sciences (Q3)";"Social Sciences"
206;5600152949;"Revista de Antropologia";journal;"00347701, 16789857";"Universidade de Sao Paulo. Museu de Zoologia";Yes;Yes;0,177;Q3;15;40;131;2034;50;108;0,32;50,85;35,00;0;Brazil;Latin America;"Universidade de Sao Paulo. Museu de Zoologia";"2006-2025";"Anthropology (Q3)";"Social Sciences"
207;21101034436;"Revista Brasileira de Cartografia";journal;"05604613, 18080936";"Sociedade Brasileira de Cartografia, Geodesia, Fotogrametria e Sensoriamento Remoto";Yes;Yes;0,177;Q4;8;26;95;969;42;95;0,38;37,27;26,98;0;Brazil;Latin America;"Sociedade Brasileira de Cartografia, Geodesia, Fotogrametria e Sensoriamento Remoto";"2019-2026";"Computers in Earth Sciences (Q4); Earth and Planetary Sciences (miscellaneous) (Q4); Earth-Surface Processes (Q4); Geography, Planning and Development (Q4)";"Earth and Planetary Sciences; Social Sciences"
208;21100927903;"Atelie Geografico";journal;"19821956";"Universidade Federal De Goias (UFG)";Yes;Yes;0,176;Q3;4;39;130;1462;35;129;0,30;37,49;35,94;0;Brazil;Latin America;"Universidade Federal De Goias (UFG)";"2019-2025";"Urban Studies (Q3); Geography, Planning and Development (Q4); Management, Monitoring, Policy and Law (Q4); Nature and Landscape Conservation (Q4); Tourism, Leisure and Hospitality Management (Q4)";"Business, Management and Accounting; Environmental Science; Social Sciences"
209;33459;"Desarrollo y Sociedad";journal;"01203584, 19007760";"Universidad de los Andes, Colombia";Yes;Yes;0,176;Q3;11;17;58;678;19;51;0,31;39,88;30,30;0;Colombia;Latin America;"Universidad de los Andes, Colombia";"1979-1985, 1994, 2010-2025";"Political Science and International Relations (Q3); Sociology and Political Science (Q3); Development (Q4); Economics and Econometrics (Q4)";"Economics, Econometrics and Finance; Social Sciences"
210;4700152714;"Cadernos de Pesquisa";journal;"19805314, 01001574";"Fundacao Carlos Chagas";Yes;Yes;0,175;Q2;24;22;145;907;55;143;0,35;41,23;54,55;0;Brazil;Latin America;"Fundacao Carlos Chagas";"1983, 2006-2025";"Cultural Studies (Q2); Gender Studies (Q3); Education (Q4)";"Social Sciences"
211;21101073713;"Letras (Peru)";journal;"20715072, 03784878";"National University of San Marcos. Faculty of Letters and Human Sciences";Yes;Yes;0,175;Q2;6;25;87;925;25;82;0,28;37,00;29,17;0;Peru;Latin America;"National University of San Marcos. Faculty of Letters and Human Sciences";"2018-2025";"Literature and Literary Theory (Q1); Arts and Humanities (miscellaneous) (Q2); Cultural Studies (Q2); Linguistics and Language (Q2); Social Sciences (miscellaneous) (Q3)";"Arts and Humanities; Social Sciences"
212;21100845659;"Revista Chilena de Derecho y Tecnologia";journal;"07192576, 07192584";"Universidad de Chile";Yes;Yes;0,175;Q3;9;0;52;0;24;51;0,51;0,00;0,00;0;Chile;Latin America;"Universidad de Chile";"2017-2024";"Law (Q3); Computer Networks and Communications (Q4); Information Systems (Q4)";"Computer Science; Social Sciences"
213;10600153355;"Acta Bioethica";journal;"1726569X, 07175906";"";Yes;Yes;0,175;Q4;13;32;102;983;42;85;0,30;30,72;44,59;0;Chile;Latin America;"";"2007-2025";"Health Policy (Q4); Health (social science) (Q4)";"Medicine; Social Sciences"
214;21100874216;"Revista Mexicana de Fisica E";journal;"18703542";"Sociedad Mexicana de Fisica";No;No;0,175;Q4;15;45;78;1405;20;78;0,16;31,22;30,88;0;Mexico;Latin America;"Sociedad Mexicana de Fisica";"2006-2026";"Education (Q4); Physics and Astronomy (miscellaneous) (Q4)";"Physics and Astronomy; Social Sciences"
215;21100211324;"Lexis (Peru)";journal;"02549239, 22233768";"Pontificia Universidad Catolica del Peru";Yes;Yes;0,174;Q2;9;18;101;701;24;101;0,18;38,94;47,37;0;Peru;Latin America;"Pontificia Universidad Catolica del Peru";"2012-2025";"Literature and Literary Theory (Q1); Linguistics and Language (Q2)";"Arts and Humanities; Social Sciences"
216;21101095657;"Economia, Sociedad y Territorio";journal;"14058421, 24486183";"El Colegio Mexiquense AC";Yes;Yes;0,174;Q3;7;35;108;1436;57;108;0,47;41,03;39,62;0;Mexico;Latin America;"El Colegio Mexiquense AC";"2019-2025";"Demography (Q3); Social Sciences (miscellaneous) (Q3); Urban Studies (Q3); Geography, Planning and Development (Q4)";"Social Sciences"
217;21100450368;"Urbe";journal;"21753369";"Pontificia Universidade Catolica do Parana";Yes;Yes;0,174;Q3;13;35;141;1699;65;140;0,37;48,54;50,60;0;Brazil;Latin America;"Pontificia Universidade Catolica do Parana";"2015-2026";"Architecture (Q3); Urban Studies (Q3); Geography, Planning and Development (Q4)";"Engineering; Social Sciences"
218;21100898604;"Vibrant Virtual Brazilian Anthropology";journal;"18094341";"Brazilian Anthropology Association";Yes;Yes;0,173;Q2;8;25;116;1270;41;106;0,38;50,80;57,14;0;Brazil;Latin America;"Brazilian Anthropology Association";"2018-2025";"Cultural Studies (Q2); Anthropology (Q3); Sociology and Political Science (Q3); Urban Studies (Q3)";"Social Sciences"
219;21101048515;"Revista Iberoamericana de Viticultura Agroindustria y Ruralidad";journal;"07194994";"Institute of Advanced Studies, University of Santiago de Chile";Yes;Yes;0,172;Q2;9;62;136;1501;79;136;0,48;24,21;55,85;0;Chile;Latin America;"Institute of Advanced Studies, University of Santiago de Chile";"2019-2026";"Cultural Studies (Q2); History (Q2); Archeology (Q3); Agronomy and Crop Science (Q4); Economics, Econometrics and Finance (miscellaneous) (Q4); Food Science (Q4); Horticulture (Q4)";"Agricultural and Biological Sciences; Arts and Humanities; Economics, Econometrics and Finance; Social Sciences"
220;12100155635;"Anuario do Instituto de Geociencias";journal;"19823908, 01019759";"Universidade Federal do Rio de Janeiro - UFRJ";Yes;Yes;0,172;Q4;19;41;156;1732;76;154;0,45;42,24;31,45;0;Brazil;Latin America;"Universidade Federal do Rio de Janeiro - UFRJ";"2004-2026";"Development (Q4); Economic Geology (Q4); Environmental Science (miscellaneous) (Q4); Geography, Planning and Development (Q4); Geology (Q4)";"Earth and Planetary Sciences; Environmental Science; Social Sciences"
221;21100898955;"Praxis Educativa";journal;"18094031, 18094309";"Universidade Estadual de Ponta Grossa, Editora";Yes;Yes;0,171;Q3;10;90;321;3748;91;313;0,34;41,64;51,46;0;Brazil;Latin America;"Universidade Estadual de Ponta Grossa, Editora";"2017-2026";"Social Sciences (miscellaneous) (Q3); Education (Q4)";"Social Sciences"
222;7200153148;"Revista Brasileira de Gestao e Desenvolvimento Regional";journal;"1809239X";"Universidade de Taubate";Yes;No;0,171;Q3;10;57;170;2170;42;160;0,23;38,07;41,10;0;Brazil;Latin America;"Universidade de Taubate";"2007-2026";"Sociology and Political Science (Q3); Urban Studies (Q3); Environmental Science (miscellaneous) (Q4); Geography, Planning and Development (Q4)";"Environmental Science; Social Sciences"
223;21101210852;"Revista Brasileira de Pesquisa em Turismo";journal;"19826125";"Associacao Nacional de Pesquisa e Pos-Graduacao em Turismo - ANPTUR";Yes;Yes;0,171;Q3;6;20;101;1063;69;98;0,55;53,15;43,90;0;Brazil;Latin America;"Associacao Nacional de Pesquisa e Pos-Graduacao em Turismo - ANPTUR";"2021-2025";"Social Sciences (miscellaneous) (Q3); Geography, Planning and Development (Q4); Tourism, Leisure and Hospitality Management (Q4)";"Business, Management and Accounting; Social Sciences"
224;21101152724;"Revista de la Facultad de Derecho y Ciencias Politicas";journal;"01203886, 23900016";"Universidad Pontificia Bolivariana";Yes;Yes;0,171;Q3;3;8;71;295;19;71;0,36;36,88;22,22;0;Colombia;Latin America;"Universidad Pontificia Bolivariana";"2019-2025";"Law (Q3)";"Social Sciences"
225;20000195095;"Meta: Avaliacao";journal;"21752753";"Fundacao Cesgranrio";Yes;Yes;0,171;Q4;8;26;131;841;38;131;0,35;32,35;56,86;0;Brazil;Latin America;"Fundacao Cesgranrio";"2009-2025";"Education (Q4)";"Social Sciences"
226;5600152869;"Novos Estudos CEBRAP";journal;"01013300, 19805403";"Centro Brasileiro de Analise e Planejamento";Yes;Yes;0,170;Q3;26;19;76;736;39;76;0,47;38,74;57,69;0;Brazil;Latin America;"Centro Brasileiro de Analise e Planejamento";"2007-2025";"Social Sciences (miscellaneous) (Q3)";"Social Sciences"
227;27739;"Atenea";journal;"07161840, 07180462";"Universidad de Concepcion";Yes;Yes;0,169;Q3;10;51;85;1319;15;81;0,10;25,86;53,85;0;Chile;Latin America;"Universidad de Concepcion";"1979, 1984, 2000-2001, 2007-2025";"Arts and Humanities (miscellaneous) (Q2); Social Sciences (miscellaneous) (Q3)";"Arts and Humanities; Social Sciences"
228;21101315872;"Revista Juridica Digital Uandes";journal;"07197942";"University of the Andes";Yes;No;0,169;Q3;2;3;43;196;9;43;0,24;65,33;33,33;0;Chile;Latin America;"University of the Andes";"2021-2025";"Law (Q3)";"Social Sciences"
229;12100154831;"Universum";journal;"0716498X, 07182376";"Universidad de Talca";Yes;Yes;0,169;Q3;17;18;115;603;46;107;0,36;33,50;40,00;0;Chile;Latin America;"Universidad de Talca";"2008-2025";"Arts and Humanities (miscellaneous) (Q2); Social Sciences (miscellaneous) (Q3)";"Arts and Humanities; Social Sciences"
230;21101196158;"Devenir (Peru)";journal;"26164949, 23127562";"National University of Engineering Faculty of Architecture, Urban Planning and Arts";Yes;Yes;0,168;Q3;4;16;55;471;16;51;0,19;29,44;25,00;0;Peru;Latin America;"National University of Engineering Faculty of Architecture, Urban Planning and Arts";"2019-2025";"History (Q2); Archeology (Q3); Archeology (arts and humanities) (Q3); Architecture (Q3)";"Arts and Humanities; Engineering; Social Sciences"
231;21101039156;"Encontros Bibli";journal;"15182924";"Universidade Federal de Santa Catarina";Yes;Yes;0,168;Q3;10;50;122;1791;56;121;0,53;35,82;46,53;0;Brazil;Latin America;"Universidade Federal de Santa Catarina";"2019-2025";"Library and Information Sciences (Q3); Information Systems (Q4); Management Information Systems (Q4)";"Business, Management and Accounting; Computer Science; Social Sciences"
232;21100264366;"Revista Brasileira de Ciencias do Esporte";journal;"01013289, 21793255";"Colegio Brasileiro de Ciencias do Esporte";Yes;Yes;0,168;Q4;13;38;133;1271;41;131;0,37;33,45;30,09;0;Brazil;Latin America;"Colegio Brasileiro de Ciencias do Esporte";"2013-2026";"Health (social science) (Q4); Physical Therapy, Sports Therapy and Rehabilitation (Q4)";"Health Professions; Social Sciences"
233;39636;"Tropical Agriculture";journal;"00413216";"University of the West Indies";No;No;0,167;Q4;21;56;96;2345;54;90;0,55;41,88;28,65;0;Trinidad and Tobago;Latin America;"University of the West Indies";"1979-1980, 1982-1983, 1985, 1987-2025";"Agronomy and Crop Science (Q4); Development (Q4)";"Agricultural and Biological Sciences; Social Sciences"
234;21101060113;"Boletin de la Academia Peruana de la Lengua";journal;"27082644, 05676002";"Academia Peruana de la Lengua";Yes;Yes;0,166;Q2;6;5;101;136;22;97;0,12;27,20;50,00;0;Peru;Latin America;"Academia Peruana de la Lengua";"2020-2024";"Literature and Literary Theory (Q1); Linguistics and Language (Q2)";"Arts and Humanities; Social Sciences"
235;21100877822;"Revista Argentina de Ciencias del Comportamiento";journal;"18524206";"Universidad Nacional de Cordoba - Facultad de Psicologia";Yes;Yes;0,166;Q2;10;24;100;1286;45;99;0,43;53,58;50,62;0;Argentina;Latin America;"Universidad Nacional de Cordoba - Facultad de Psicologia";"2018-2025";"Linguistics and Language (Q2); Behavioral Neuroscience (Q4); Developmental and Educational Psychology (Q4); Experimental and Cognitive Psychology (Q4)";"Neuroscience; Psychology; Social Sciences"
236;21101075274;"Revista de Direito Economico e Socioambiental";journal;"2179345X, 21798214";"Pontificia Universidade Catolica do Parana";Yes;Yes;0,165;Q3;5;40;71;2234;11;71;0,16;55,85;42,86;0;Brazil;Latin America;"Pontificia Universidade Catolica do Parana";"2019-2026";"Law (Q3)";"Social Sciences"
237;21100913566;"Revista de Gestao Ambiental e Sustentabilidade";journal;"23169834";"Universidade Nove de Julho-UNINOVE";Yes;No;0,165;Q3;6;9;75;429;41;74;0,61;47,67;36,00;0;Brazil;Latin America;"Universidade Nove de Julho-UNINOVE";"2019-2025";"Urban Studies (Q3); Geography, Planning and Development (Q4); Management, Monitoring, Policy and Law (Q4)";"Environmental Science; Social Sciences"
238;5200152619;"Revista de Sociologia e Politica";journal;"01044478, 16789873";"Universidade Federal do Parana";Yes;No;0,165;Q3;22;6;73;337;24;73;0,31;56,17;50,00;0;Brazil;Latin America;"Universidade Federal do Parana";"2006-2025";"Sociology and Political Science (Q3)";"Social Sciences"
239;19900191876;"Transinformacao";journal;"01033786";"Pontificia Universidade Catolica de Campinas";Yes;Yes;0,164;Q3;15;31;99;1253;57;99;0,51;40,42;49,32;0;Brazil;Latin America;"Pontificia Universidade Catolica de Campinas";"2010-2025";"Museology (Q2); Communication (Q3); Library and Information Sciences (Q3); Information Systems (Q4)";"Arts and Humanities; Computer Science; Social Sciences"
240;21101196742;"Clio. Revista de Historia, Ciencias Humanas y Pensamiento Critico.";journal;"26609037";"Ediciones Clio";Yes;Yes;0,163;Q3;4;161;99;5774;44;85;0,54;35,86;49,65;0;Mexico;Latin America;"Ediciones Clio";"2021-2026";"Arts and Humanities (miscellaneous) (Q2); Social Sciences (miscellaneous) (Q3)";"Arts and Humanities; Social Sciences"
241;21101152541;"Ius et Veritas";journal;"19952929, 24118834";"Pontificia Universidad Catolica del Peru";No;No;0,163;Q3;5;16;91;937;22;86;0,12;58,56;53,33;0;Peru;Latin America;"Pontificia Universidad Catolica del Peru";"2019-2025";"Law (Q3)";"Social Sciences"
242;21101039257;"Revista Brasileira de Estudos Politicos";journal;"23595736, 00347191";"Universidade Federal de Minas Gerais, Faculdade de Letras";Yes;Yes;0,163;Q3;5;20;96;730;12;93;0,15;36,50;26,92;0;Brazil;Latin America;"Universidade Federal de Minas Gerais, Faculdade de Letras";"2019-2025";"Law (Q3); Sociology and Political Science (Q3)";"Social Sciences"
243;21100812584;"Revista Republicana";journal;"19094450, 22565027";"Corporacion Universitaria Republicana";Yes;No;0,163;Q3;9;18;60;664;13;60;0,23;36,89;21,88;0;Colombia;Latin America;"Corporacion Universitaria Republicana";"2016-2025";"Law (Q3); Sociology and Political Science (Q3)";"Social Sciences"
244;21101090587;"Investigacion en Educacion Medica";journal;"20075057, 2007865X";"Universidad Nacional Autonoma de Mexico";No;No;0,163;Q4;12;59;183;1364;81;135;0,35;23,12;45,30;0;Mexico;Latin America;"Universidad Nacional Autonoma de Mexico";"2019-2026";"Health Professions (miscellaneous) (Q3); Education (Q4); Health Informatics (Q4); Health (social science) (Q4); Medicine (miscellaneous) (Q4)";"Health Professions; Medicine; Social Sciences"
245;21101114008;"Anuario Electronico de Estudios en Comunicacion Social Disertaciones";journal;"18569536";"Universidad del Rosario";Yes;Yes;0,162;Q3;5;24;95;994;46;89;0,35;41,42;57,14;0;Colombia;Latin America;"Universidad del Rosario";"2019-2026";"Communication (Q3); Library and Information Sciences (Q3)";"Social Sciences"
246;21100903229;"Forma y Funcion";journal;"0120338X, 22565469";"Universidad Nacional de Colombia";Yes;Yes;0,161;Q3;4;19;45;880;22;43;0,39;46,32;54,84;0;Colombia;Latin America;"Universidad Nacional de Colombia";"2019-2025";"Linguistics and Language (Q3)";"Social Sciences"
247;21101057624;"Acta Scientiarum - Education";journal;"21785198, 21785201";"Universidade Estadual de Maringa";Yes;Yes;0,161;Q4;4;51;145;1940;32;142;0,23;38,04;66,28;0;Brazil;Latin America;"Universidade Estadual de Maringa";"2019-2026";"Education (Q4)";"Social Sciences"
248;21101196739;"Acervo";journal;"22378723, 0102700X";"Arquivo Nacional";Yes;Yes;0,160;Q3;2;67;177;2459;11;161;0,07;36,70;46,67;0;Brazil;Latin America;"Arquivo Nacional";"2019-2025";"History (Q2); Library and Information Sciences (Q3)";"Arts and Humanities; Social Sciences"
249;21100821156;"Cinta de Moebio";journal;"0717554X";"Universidad de Chile, Facultad de Ciencias Sociales";Yes;Yes;0,160;Q3;9;3;46;30;20;46;0,19;10,00;0,00;0;Chile;Latin America;"Universidad de Chile, Facultad de Ciencias Sociales";"2016-2025";"Philosophy (Q2); Social Sciences (miscellaneous) (Q3)";"Arts and Humanities; Social Sciences"
250;21101039229;"Revista de Direito";journal;"25270389, 18068790";"Universidade Federal de Vicosa";Yes;Yes;0,160;Q3;3;45;81;1428;14;80;0,22;31,73;44,44;0;Brazil;Latin America;"Universidade Federal de Vicosa";"2019-2026";"Law (Q3)";"Social Sciences"
251;21101172239;"Palabra Clave (La Plata)";journal;"18539912, 16662938";"Universidad Nacional de La Plata";Yes;Yes;0,159;Q3;3;23;67;597;25;58;0,33;25,96;63,33;0;Argentina;Latin America;"Universidad Nacional de La Plata";"2022-2025";"Library and Information Sciences (Q3)";"Social Sciences"
252;21101152620;"Revista Iberoamericana de la Propiedad Intelectual";journal;"2422569X";"Austral University";Yes;Yes;0,159;Q3;2;26;42;1369;8;37;0,15;52,65;34,78;0;Argentina;Latin America;"Austral University";"2019-2025";"Law (Q3)";"Social Sciences"
253;5700161162;"Papeles de Poblacion";journal;"14057425, 24487147";"Universidad Autonoma del Estado de Mexico";Yes;Yes;0,159;Q4;18;20;80;811;26;68;0,30;40,55;50,00;0;Mexico;Latin America;"Universidad Autonoma del Estado de Mexico";"1997-1998, 2002-2003, 2008-2026";"Demography (Q4)";"Social Sciences"
254;21101121920;"Estudios de Derecho";journal;"21456151, 01201867";"Universidad de Antioquia";Yes;Yes;0,158;Q3;4;13;52;576;12;50;0,26;44,31;31,25;0;Colombia;Latin America;"Universidad de Antioquia";"2019-2025";"Law (Q3); Political Science and International Relations (Q4)";"Social Sciences"
255;21101045759;"Encuentros (Maracaibo)";journal;"26108046, 23436131";"Universidad Nacional Experimental Rafael Maria Baralt";Yes;Yes;0,157;Q3;6;107;256;3372;100;246;0,46;31,51;45,27;0;Venezuela;Latin America;"Universidad Nacional Experimental Rafael Maria Baralt";"2019-2025";"History (Q2); Philosophy (Q2); Anthropology (Q3); Sociology and Political Science (Q3); Education (Q4); Social Sciences (miscellaneous) (Q4)";"Arts and Humanities; Social Sciences"
256;21101105297;"Comunicacion y Medios";journal;"07163991, 07191529";"Universidad de Chile";Yes;Yes;0,156;Q3;6;26;89;1019;27;79;0,31;39,19;53,19;0;Chile;Latin America;"Universidad de Chile";"2019-2025";"Communication (Q3); Linguistics and Language (Q3)";"Social Sciences"
257;19700173159;"Reforma y Democracia";journal;"13152378";"Centro Latinoamericano de Administracion para el Desarrollo";No;No;0,156;Q4;9;23;63;917;24;63;0,39;39,87;39,02;0;Venezuela;Latin America;"Centro Latinoamericano de Administracion para el Desarrollo";"2008-2025";"Public Administration (Q4); Sociology and Political Science (Q4)";"Social Sciences"
258;5000160208;"Revista Cubana de Educacion Medica Superior";journal;"08642141, 15612902";"Editorial Ciencias Medicas";Yes;Yes;0,156;Q4;18;73;185;1635;56;163;0,36;22,40;51,88;0;Cuba;Latin America;"Editorial Ciencias Medicas";"1996-2002, 2006-2007, 2009-2026";"Education (Q4); Medicine (miscellaneous) (Q4)";"Medicine; Social Sciences"
259;21101176853;"Projeto Historia";journal;"01024442, 21762767";"Pontifícia Universidade Católica de São Paulo";Yes;Yes;0,155;Q4;3;62;131;2168;16;118;0,16;34,97;47,06;0;Brazil;Latin America;"Pontifícia Universidade Católica de São Paulo";"2019-2025";"History (Q2); Education (Q4)";"Arts and Humanities; Social Sciences"
260;5700190690;"Nueva Revista de Filologia Hispanica";journal;"01850121, 24486558";"Colegio de Mexico, A.C., Departamento de Publicaciones";Yes;Yes;0,154;Q3;8;23;86;1007;19;86;0,20;43,78;40,91;0;Mexico;Latin America;"Colegio de Mexico, A.C., Departamento de Publicaciones";"2011-2026";"Linguistics and Language (Q3)";"Social Sciences"
261;21101238418;"InfoDesign";journal;"18085377";"Sociedade Brasileira de Design da Informacao";Yes;Yes;0,154;Q4;3;24;85;550;13;76;0,12;22,92;50,00;0;Brazil;Latin America;"Sociedade Brasileira de Design da Informacao";"2021-2025";"Arts and Humanities (miscellaneous) (Q3); Communication (Q4); Computer Graphics and Computer-Aided Design (Q4); Social Sciences (miscellaneous) (Q4)";"Arts and Humanities; Computer Science; Social Sciences"
262;21100900136;"Perspectiva Teologica";journal;"21768757, 01024469";"Faculdade Jesuita de Filosofia e Teologia";Yes;Yes;0,154;Q4;4;42;134;1279;13;120;0,06;30,45;27,59;0;Brazil;Latin America;"Faculdade Jesuita de Filosofia e Teologia";"2018-2025";"Philosophy (Q2); Religious Studies (Q2); Education (Q4); Sociology and Political Science (Q4)";"Arts and Humanities; Social Sciences"
263;13236;"Investigaciones Geograficas";journal;"24487279, 01884611";"Instituto de Geografia";Yes;Yes;0,153;Q4;23;19;158;818;51;135;0,27;43,05;33,33;0;Mexico;Latin America;"Instituto de Geografia";"1969, 1984, 1990-1993, 1995-1996, 2001, 2003-2025";"Earth and Planetary Sciences (miscellaneous) (Q4); Geography, Planning and Development (Q4)";"Earth and Planetary Sciences; Social Sciences"
264;21100312401;"Revista Cubana de Informacion en Ciencias de la Salud";journal;"23072113";"Centro Nacional de Informacion de Ciencias Medicas";Yes;Yes;0,152;Q3;17;42;185;1180;44;167;0,23;28,10;51,81;0;Cuba;Latin America;"Centro Nacional de Informacion de Ciencias Medicas";"2013-2026";"Library and Information Sciences (Q3); Health Information Management (Q4); Health Policy (Q4)";"Health Professions; Medicine; Social Sciences"
265;21100940511;"Territorios";journal;"01238418, 22157484";"Universidad del Rosario";Yes;Yes;0,152;Q3;6;29;93;1354;33;87;0,30;46,69;46,15;1;Colombia;Latin America;"Universidad del Rosario";"2019-2025";"Urban Studies (Q3); Geography, Planning and Development (Q4)";"Social Sciences"
266;10300153373;"Agroalimentaria";journal;"13160354";"Centro de Investigaciones Agroalimentarias (CIAAL)";Yes;Yes;0,152;Q4;9;18;62;622;16;55;0,34;34,56;45,00;0;Venezuela;Latin America;"Centro de Investigaciones Agroalimentarias (CIAAL)";"2007-2025";"Economics, Econometrics and Finance (miscellaneous) (Q4); Food Science (Q4); Social Sciences (miscellaneous) (Q4)";"Agricultural and Biological Sciences; Economics, Econometrics and Finance; Social Sciences"
267;19500157818;"Cuadernos de Desarrollo Rural";journal;"01221450, 22157727";"Pontificia Universidad Javeriana";Yes;Yes;0,152;Q4;16;7;28;319;13;28;0,27;45,57;27,78;0;Colombia;Latin America;"Pontificia Universidad Javeriana";"2008-2025";"Agronomy and Crop Science (Q4); Economics and Econometrics (Q4); Geography, Planning and Development (Q4)";"Agricultural and Biological Sciences; Economics, Econometrics and Finance; Social Sciences"
268;21101067386;"Revista U.D.C.A Actualidad and Divulgacion Cientifica";journal;"26192551, 01234226";"Universidad de Ciencias Aplicadas y Ambientales U.D.C.A";Yes;Yes;0,152;Q4;8;33;136;1428;66;131;0,36;43,27;39,45;0;Colombia;Latin America;"Universidad de Ciencias Aplicadas y Ambientales U.D.C.A";"2019-2025";"Agricultural and Biological Sciences (miscellaneous) (Q4); Biochemistry, Genetics and Molecular Biology (miscellaneous) (Q4); Environmental Science (miscellaneous) (Q4); Geography, Planning and Development (Q4)";"Agricultural and Biological Sciences; Biochemistry, Genetics and Molecular Biology; Environmental Science; Social Sciences"
269;4700153602;"Sociologias";journal;"15174522";"Instituto de Filosofia e Ciencias Humanas-UFRGS";Yes;Yes;0,152;Q4;24;1;105;67;39;103;0,25;67,00;100,00;0;Brazil;Latin America;"Instituto de Filosofia e Ciencias Humanas-UFRGS";"2000-2025";"Social Sciences (miscellaneous) (Q4)";"Social Sciences"
270;21100259543;"Anuario Colombiano de Historia Social y de la Cultura";journal;"01202456, 22565647";"Universidad Nacional de Colombia";Yes;Yes;0,151;Q2;11;41;118;1802;24;114;0,20;43,95;35,14;0;Colombia;Latin America;"Universidad Nacional de Colombia";"2013-2025";"Cultural Studies (Q2); History (Q2)";"Arts and Humanities; Social Sciences"
271;5800172268;"Boletin Mexicano de Derecho Comparado";journal;"00418633";"Universidad Nacional Autonoma de Mexico";Yes;Yes;0,151;Q3;12;30;96;1427;19;96;0,14;47,57;51,72;0;Mexico;Latin America;"Universidad Nacional Autonoma de Mexico";"1991, 2009-2026";"Law (Q3)";"Social Sciences"
272;21100837220;"Revista Latinoamericana de Derecho Social";journal;"24487899, 18704670";"Universidad Nacional Autonoma de Mexico, Instituto de Astronomia";Yes;Yes;0,151;Q3;6;53;65;1705;14;65;0,13;32,17;33,33;0;Mexico;Latin America;"Universidad Nacional Autonoma de Mexico, Instituto de Astronomia";"2016-2025";"Law (Q3)";"Social Sciences"
273;21100845376;"Veredas do Direito";journal;"18063845, 21798699";"Editora Dom Helder";Yes;Yes;0,151;Q3;5;17;95;735;19;93;0,26;43,24;51,85;0;Brazil;Latin America;"Editora Dom Helder";"2017-2025";"Law (Q3); Management, Monitoring, Policy and Law (Q4)";"Environmental Science; Social Sciences"
274;5600153115;"Tempo Social";journal;"18094554, 01032070";"Universidade de Sao Paulo. Museu de Zoologia";Yes;Yes;0,151;Q4;21;11;111;300;39;111;0,32;27,27;45,45;0;Brazil;Latin America;"Universidade de Sao Paulo. Museu de Zoologia";"2007-2025";"Social Sciences (miscellaneous) (Q4)";"Social Sciences"
275;19900188395;"Revista de Direito Sanitario";journal;"15164179, 23169044";"Universidade De Sao Paulo";Yes;Yes;0,150;Q3;5;18;76;777;16;75;0,05;43,17;40,63;0;Brazil;Latin America;"Universidade De Sao Paulo";"2016-2025";"Law (Q3); Health (social science) (Q4); Medicine (miscellaneous) (Q4)";"Medicine; Social Sciences"
276;11600153630;"Innovar";journal;"22486968, 01215051";"Universidad Nacional de Colombia";Yes;Yes;0,150;Q4;20;46;133;3058;91;120;0,61;66,48;49,48;1;Colombia;Latin America;"Universidad Nacional de Colombia";"2008-2026";"Accounting (Q4); Marketing (Q4); Public Administration (Q4); Sociology and Political Science (Q4); Strategy and Management (Q4)";"Business, Management and Accounting; Social Sciences"
277;21101114178;"Poblacion y Salud en Mesoamerica";journal;"16590201";"Universidad de Costa Rica";Yes;Yes;0,150;Q4;6;8;105;317;36;102;0,39;39,63;43,48;0;Costa Rica;Latin America;"Universidad de Costa Rica";"2019-2025";"Demography (Q4); Epidemiology (Q4); Health Informatics (Q4); Health Policy (Q4); Public Health, Environmental and Occupational Health (Q4)";"Medicine; Social Sciences"
278;21100812388;"Revista Criminalidad";journal;"17943108, 22565531";"Policia Nacional de Colombia";Yes;Yes;0,149;Q3;9;26;98;1397;38;94;0,30;53,73;27,27;0;Colombia;Latin America;"Policia Nacional de Colombia";"2015-2025";"Arts and Humanities (miscellaneous) (Q3); Law (Q3); Social Psychology (Q4); Social Sciences (miscellaneous) (Q4); Sociology and Political Science (Q4)";"Arts and Humanities; Psychology; Social Sciences"
279;21101152765;"Revista Justicia y Derecho";journal;"07199392";"Universidad Autonoma de Chile";Yes;Yes;0,149;Q3;5;29;41;1331;12;40;0,23;45,90;39,39;0;Chile;Latin America;"Universidad Autonoma de Chile";"2019-2025";"Law (Q3); Political Science and International Relations (Q4)";"Social Sciences"
280;21101141651;"Revista Guillermo de Ockham";journal;"1794192X, 22563202";"University of San Buenaventura - Cali";Yes;Yes;0,149;Q4;6;20;108;1022;39;98;0,34;51,10;41,03;0;Colombia;Latin America;"University of San Buenaventura - Cali";"2019-2025";"Arts and Humanities (miscellaneous) (Q3); Psychology (miscellaneous) (Q4); Social Sciences (miscellaneous) (Q4)";"Arts and Humanities; Psychology; Social Sciences"
281;21101064979;"Revista Historia Social y de las Mentalidades";journal;"07175248, 07194749";"Universidad de Santiago de Chile";Yes;Yes;0,149;Q4;5;23;66;906;11;60;0,17;39,39;60,00;0;Chile;Latin America;"Universidad de Santiago de Chile";"2019-2025";"History (Q2); Education (Q4)";"Arts and Humanities; Social Sciences"
282;21101209908;"Estoa";journal;"13907263, 13909274";"";Yes;Yes;0,148;Q3;3;38;58;1357;18;54;0,31;35,71;60,92;0;Ecuador;Latin America;"";"2023-2026";"Architecture (Q3); Urban Studies (Q3); Building and Construction (Q4)";"Engineering; Social Sciences"
283;21100304230;"Lengua y Habla";journal;"2244811X, 13161180";"Universidad de Los Andes";Yes;Yes;0,148;Q3;8;31;47;1254;6;46;0,18;40,45;44,74;0;Venezuela;Latin America;"Universidad de Los Andes";"2013-2025";"Linguistics and Language (Q3)";"Social Sciences"
284;21100901898;"Revista Digital de Biblioteconomia e Ciencia da Informacao";journal;"1678765X";"Universidade Estadual de Campinas UNICAMP";Yes;Yes;0,147;Q3;7;40;105;1335;45;102;0,35;33,38;55,56;0;Brazil;Latin America;"Universidade Estadual de Campinas UNICAMP";"2018-2026";"Library and Information Sciences (Q3); Education (Q4); Information Systems (Q4); Public Administration (Q4)";"Computer Science; Social Sciences"
285;21101152859;"Revista Kawsaypacha: Sociedad y Medio Ambiente";journal;"27093689, 25232894";"Pontificia Universidad Catolica del Peru";Yes;Yes;0,147;Q3;4;46;80;1697;43;76;0,56;36,89;41,10;0;Peru;Latin America;"Pontificia Universidad Catolica del Peru";"2019-2025";"Cultural Studies (Q3); Ecology (Q4); Environmental Science (miscellaneous) (Q4); Management, Monitoring, Policy and Law (Q4); Nature and Landscape Conservation (Q4)";"Environmental Science; Social Sciences"
286;21101213848;"Sequencia";journal;"21777055, 01019562";"Universidade Federal de Santa Catarina";Yes;Yes;0,147;Q3;4;32;97;1177;12;96;0,05;36,78;57,14;0;Brazil;Latin America;"Universidade Federal de Santa Catarina";"2020-2025";"Law (Q3)";"Social Sciences"
287;21101251521;"Estudios en Derecho a la Informacion";journal;"25940082, 26832038";"Universidad Nacional Autonoma de Mexico";Yes;Yes;0,146;Q3;3;12;38;539;12;35;0,35;44,92;30,77;0;Mexico;Latin America;"Universidad Nacional Autonoma de Mexico";"2019-2026";"Law (Q3); Education (Q4); Public Administration (Q4); Sociology and Political Science (Q4)";"Social Sciences"
288;5800207596;"Linguistica";journal;"2079312X, 11320214";"Asociacion de Linguistica y Filologia de la America Latina";Yes;Yes;0,146;Q3;8;5;57;177;8;52;0,14;35,40;40,00;0;Uruguay;Latin America;"Asociacion de Linguistica y Filologia de la America Latina";"2012-2025";"Linguistics and Language (Q3); Artificial Intelligence (Q4)";"Computer Science; Social Sciences"
289;21101060641;"Hacia la Promocion de la Salud";journal;"01217577, 24628425";"Universidad de Caldas";Yes;Yes;0,146;Q4;8;18;85;615;23;75;0,08;34,17;58,33;0;Colombia;Latin America;"Universidad de Caldas";"2019-2025";"Health Professions (miscellaneous) (Q3); Community and Home Care (Q4); Health Policy (Q4); Health (social science) (Q4); Public Health, Environmental and Occupational Health (Q4)";"Health Professions; Medicine; Nursing; Social Sciences"
290;21101211361;"Onomastica desde America Latina";journal;"26752719";"Universidade Estadual do Oeste do Parana";Yes;Yes;0,145;Q3;5;22;55;454;6;55;0,13;20,64;65,00;0;Brazil;Latin America;"Universidade Estadual do Oeste do Parana";"2020-2026";"Anthropology (Q3); Linguistics and Language (Q3); Social Sciences (miscellaneous) (Q4)";"Social Sciences"
291;21101146385;"Revista Direito e Sexualidade";journal;"26753596";"Universidade Federal da Bahia";Yes;Yes;0,145;Q3;3;25;95;838;9;55;0,07;33,52;47,83;0;Brazil;Latin America;"Universidade Federal da Bahia";"2020-2025";"Law (Q3); Gender Studies (Q4)";"Social Sciences"
292;19700186945;"Journal of Urban and Environmental Engineering";journal;"19823932";"Universidade Federal da Paraiba";Yes;Yes;0,145;Q4;22;6;41;260;10;41;0,19;43,33;35,71;0;Brazil;Latin America;"Universidade Federal da Paraiba";"2007-2025";"Environmental Engineering (Q4); Urban Studies (Q4)";"Environmental Science; Social Sciences"
293;21101216647;"Turismo y Sociedad";journal;"2346206X, 01207555";"Universidad Externado de Colombia";Yes;Yes;0,144;Q4;7;25;91;1351;38;88;0,34;54,04;43,40;0;Colombia;Latin America;"Universidad Externado de Colombia";"2020-2026";"Geography, Planning and Development (Q4); Tourism, Leisure and Hospitality Management (Q4)";"Business, Management and Accounting; Social Sciences"
294;19900192005;"Onomazein";journal;"07171285, 07185758";"Pontificia Universidad Catolica de Chile";Yes;No;0,143;Q3;18;55;191;1933;53;186;0,30;35,15;52,63;0;Chile;Latin America;"Pontificia Universidad Catolica de Chile";"2011-2025";"Linguistics and Language (Q3)";"Social Sciences"
295;21101016920;"Revista Juridica";journal;"2316753X";"Centro Universitario Curitiba - UNICURITIBA";Yes;Yes;0,143;Q4;7;72;449;2000;87;449;0,28;27,78;29,79;0;Brazil;Latin America;"Centro Universitario Curitiba - UNICURITIBA";"2020-2025";"Law (Q4)";"Social Sciences"
296;5100154602;"Mana: Estudos de Antropologia Social";journal;"16784944, 01049313";"Universidade Federal do Rio de Janeiro";Yes;Yes;0,142;Q3;20;0;113;0;36;113;0,15;0,00;0,00;0;Brazil;Latin America;"Universidade Federal do Rio de Janeiro";"2006-2024";"Anthropology (Q3); Arts and Humanities (miscellaneous) (Q3)";"Arts and Humanities; Social Sciences"
297;21100218527;"AUS";journal;"07187262, 0718204X";"Universidad Austral de Chile";Yes;No;0,142;Q4;8;13;80;408;24;75;0,27;31,38;48,00;0;Chile;Latin America;"Universidad Austral de Chile";"2012-2025";"Architecture (Q3); Urban Studies (Q4)";"Engineering; Social Sciences"
298;21100432496;"Revista de Derecho Privado";journal;"01234366, 23462442";"Universidad Externado de Colombia";Yes;Yes;0,142;Q4;9;22;70;1394;14;69;0,27;63,36;52,38;0;Colombia;Latin America;"Universidad Externado de Colombia";"2015-2026";"Law (Q4)";"Social Sciences"
299;21100316036;"Signo y Pensamiento";journal;"01204823, 20272731";"Pontificia Universidad Javeriana";Yes;Yes;0,139;Q3;9;14;68;682;13;68;0,14;48,71;56,52;0;Colombia;Latin America;"Pontificia Universidad Javeriana";"2014-2025";"Linguistics and Language (Q3); Communication (Q4)";"Social Sciences"
300;21100784205;"Revista de la Educacion Superior";journal;"23959037, 01852760";"Asociacion Nacional de Universidad e Instituciones de Educacion Superior";Yes;Yes;0,139;Q4;19;24;89;768;32;89;0,28;32,00;54,29;0;Mexico;Latin America;"Asociacion Nacional de Universidad e Instituciones de Educacion Superior";"2006, 2014-2025";"Education (Q4)";"Social Sciences"
301;21101196447;"Revista Oficial del Poder Judicial";journal;"19976682, 26639130";"Poder Judicial del Peru";Yes;Yes;0,139;Q4;3;29;83;1143;16;76;0,26;39,41;45,00;0;Peru;Latin America;"Poder Judicial del Peru";"2020-2025";"Law (Q4)";"Social Sciences"
302;21101074854;"Brazilian English Language Teaching Journal";journal;"21783640";"Editora Universitaria da PUCRS";Yes;Yes;0,138;Q3;4;0;13;0;9;13;0,75;0,00;0,00;0;Brazil;Latin America;"Editora Universitaria da PUCRS";"2019-2023";"Linguistics and Language (Q3); Education (Q4)";"Social Sciences"
303;21100937582;"Economia y Politica";journal;"07194714, 07194803";"Universidad Adolfo Ibanez";Yes;Yes;0,138;Q3;5;8;30;467;7;30;0,05;58,38;22,22;0;Chile;Latin America;"Universidad Adolfo Ibanez";"2019-2025";"Cultural Studies (Q3); Economics and Econometrics (Q4); Political Science and International Relations (Q4); Sociology and Political Science (Q4)";"Economics, Econometrics and Finance; Social Sciences"
304;21101028201;"Divergencia";journal;"07192398";"Taller de Historia Politica O.C.F.";No;No;0,138;Q4;4;22;47;908;12;45;0,22;41,27;11,76;0;Chile;Latin America;"Taller de Historia Politica O.C.F.";"2019-2025";"History (Q2); Sociology and Political Science (Q4)";"Arts and Humanities; Social Sciences"
305;21101128566;"Educacion y Humanismo";journal;"26652420, 01242121";"Simon Bolivar University (Barranquilla)";Yes;Yes;0,137;Q3;4;26;69;1274;29;67;0,32;49,00;41,67;0;Colombia;Latin America;"Simon Bolivar University (Barranquilla)";"2022-2026";"Cultural Studies (Q3); History and Philosophy of Science (Q3); Education (Q4); Gender Studies (Q4)";"Arts and Humanities; Social Sciences"
306;21101196035;"Islas";journal;"00471542, 19976720";"Central University Marta Abreu de las Villas";Yes;Yes;0,136;Q3;3;31;100;1228;6;96;0,04;39,61;51,72;0;Cuba;Latin America;"Central University Marta Abreu de las Villas";"2019-2026";"Literature and Literary Theory (Q2); Arts and Humanities (miscellaneous) (Q3); Linguistics and Language (Q3)";"Arts and Humanities; Social Sciences"
307;21101107571;"Anales de Investigacion en Arquitectura";journal;"23011505, 23011513";"Universidad ORT Uruguay";Yes;Yes;0,136;Q4;3;17;72;469;13;70;0,18;27,59;44,00;0;Uruguay;Latin America;"Universidad ORT Uruguay";"2019-2026";"Architecture (Q3); Geography, Planning and Development (Q4); Urban Studies (Q4)";"Engineering; Social Sciences"
308;21100464746;"Fronteiras";journal;"22388869";"Centro Universitario de Anapolis";Yes;Yes;0,136;Q4;10;89;213;3587;76;205;0,40;40,30;36,43;0;Brazil;Latin America;"Centro Universitario de Anapolis";"2015-2025";"Environmental Science (miscellaneous) (Q4); Social Sciences (miscellaneous) (Q4)";"Environmental Science; Social Sciences"
309;19600165500;"Politica y Gobierno";journal;"14051060, 16652037";"Centro de Investigacion y Docencia Economicas A.C.";Yes;No;0,136;Q4;17;7;47;326;17;40;0,26;46,57;28,57;0;Mexico;Latin America;"Centro de Investigacion y Docencia Economicas A.C.";"2000-2003, 2005-2025";"Political Science and International Relations (Q4)";"Social Sciences"
310;21100371223;"Memorias";journal;"17948886";"Universidad del Norte";Yes;Yes;0,135;Q3;6;18;77;919;18;70;0,24;51,06;51,61;0;Colombia;Latin America;"Universidad del Norte";"2009, 2014-2025";"History (Q2); Archeology (Q3); Archeology (arts and humanities) (Q3)";"Arts and Humanities; Social Sciences"
311;21101062042;"Dikaion";journal;"01208942, 20275366";"Universidad de La Sabana";Yes;Yes;0,135;Q4;4;13;53;483;10;45;0,21;37,15;18,18;0;Colombia;Latin America;"Universidad de La Sabana";"2019-2026";"Philosophy (Q3); Law (Q4)";"Arts and Humanities; Social Sciences"
312;73467;"RA'E GA - O Espaco Geografico em Analise";journal;"21772738, 15164136";"Universidade Federal do Parana";Yes;Yes;0,135;Q4;12;44;87;1503;26;76;0,28;34,16;29,57;0;Brazil;Latin America;"Universidade Federal do Parana";"2002-2006, 2008-2025";"Geography, Planning and Development (Q4)";"Social Sciences"
313;21100942908;"Revista Notas Historicas y Geograficas";journal;"07194404, 0717036X";"Universidad de Playa Ancha -Departamento De Historia";Yes;Yes;0,135;Q4;6;31;118;1228;27;114;0,13;39,61;41,54;0;Chile;Latin America;"Universidad de Playa Ancha -Departamento De Historia";"2019-2025";"History (Q2); Geography, Planning and Development (Q4)";"Arts and Humanities; Social Sciences"
314;21100887850;"Estudos Historicos";journal;"01032186, 21781494";"Fundacao Getulio Vargas";Yes;Yes;0,134;Q3;7;26;102;1124;20;89;0,21;43,23;39,29;0;Brazil;Latin America;"Fundacao Getulio Vargas";"2018-2025";"History (Q2); Literature and Literary Theory (Q2); Cultural Studies (Q3); Sociology and Political Science (Q4)";"Arts and Humanities; Social Sciences"
315;21101123075;"Revista Brasileira de Alternative Dispute Resolution";journal;"25963201, 26748835";"EDITORA FORUM LTDA";No;No;0,134;Q4;8;28;93;1009;69;86;0,83;36,04;62,96;0;Brazil;Latin America;"EDITORA FORUM LTDA";"2019-2025";"Law (Q4); Social Sciences (miscellaneous) (Q4)";"Social Sciences"
316;21101028122;"Esbocos";journal;"1414722X, 21757976";"Universidade Federal de Santa Catarina";Yes;Yes;0,133;Q3;5;9;100;349;9;93;0,12;38,78;40,00;0;Brazil;Latin America;"Universidade Federal de Santa Catarina";"2019-2026";"History (Q2); Anthropology (Q3); History and Philosophy of Science (Q3); Sociology and Political Science (Q4)";"Arts and Humanities; Social Sciences"
317;21101037322;"Latin-American Journal of Discourse Studies";journal;"24479543";"Latinamerican Association of Discourse Studies";Yes;Yes;0,133;Q3;4;20;61;679;12;56;0,11;33,95;53,33;0;Brazil;Latin America;"Latinamerican Association of Discourse Studies";"2019-2025";"Linguistics and Language (Q3); Communication (Q4)";"Social Sciences"
318;24313;"Revista de Historia Americana y Argentina";journal;"05565960, 23141549";"Universidad Nacional de Cuyo";Yes;Yes;0,133;Q3;2;19;52;693;5;50;0,09;36,47;44,44;0;Argentina;Latin America;"Universidad Nacional de Cuyo";"1980, 1983, 1985, 2002, 2021-2025";"History (Q2); Cultural Studies (Q3)";"Arts and Humanities; Social Sciences"
319;21100836285;"Sociologia e Antropologia";journal;"22383875";"Universidade Federal do Rio de Janeiro";Yes;Yes;0,133;Q3;8;37;116;1802;19;116;0,15;48,70;48,98;0;Brazil;Latin America;"Universidade Federal do Rio de Janeiro";"2017-2025";"Anthropology (Q3); Cultural Studies (Q3); Social Sciences (miscellaneous) (Q4)";"Social Sciences"
320;12100157018;"Cuadernos de Economia (Colombia)";journal;"22484337, 01214772";"Universidad Nacional de Colombia";Yes;Yes;0,133;Q4;14;46;82;2124;23;82;0,27;46,17;45,45;0;Colombia;Latin America;"Universidad Nacional de Colombia";"2007-2025";"Arts and Humanities (miscellaneous) (Q3); Economics, Econometrics and Finance (miscellaneous) (Q4); Social Sciences (miscellaneous) (Q4)";"Arts and Humanities; Economics, Econometrics and Finance; Social Sciences"
321;21100904807;"Revista Conhecimento Online";journal;"21768501";"UNIVERSIDADE FEEVALE";Yes;Yes;0,133;Q4;5;25;80;946;28;77;0,31;37,84;43,75;0;Brazil;Latin America;"UNIVERSIDADE FEEVALE";"2019-2025";"Education (Q4); Multidisciplinary (Q4)";"Multidisciplinary; Social Sciences"
322;21101067418;"Revista de Direito da Faculdade Guanambi";journal;"24476536";"Centro Universitario FG (UNIFG)";Yes;Yes;0,133;Q4;3;0;1;0;0;1;0,00;0,00;0,00;0;Brazil;Latin America;"Centro Universitario FG (UNIFG)";"2019-2022";"Law (Q4); Social Sciences (miscellaneous) (Q4)";"Social Sciences"
323;21100239819;"Historia da Educacao";journal;"14143518, 22363459";"Associacao Sul Rio Grandense de Pesquisadores em Historia da Educacao";Yes;Yes;0,132;Q4;8;36;116;1152;10;112;0,09;32,00;57,58;0;Brazil;Latin America;"Associacao Sul Rio Grandense de Pesquisadores em Historia da Educacao";"2013-2025";"Education (Q4)";"Social Sciences"
324;5100155067;"Revista de Estudios Historico-Juridicos";journal;"07176260, 07165455";"Ediciones Universitarias de Valparaiso";Yes;Yes;0,132;Q4;10;0;96;0;10;96;0,02;0,00;0,00;0;Chile;Latin America;"Ediciones Universitarias de Valparaiso";"1997-2024";"History (Q3); Law (Q4)";"Arts and Humanities; Social Sciences"
325;21101145683;"Mexico y la Cuenca del Pacifico";journal;"16650174, 20075308";"Universidad de Guadalajara";No;No;0,131;Q4;5;12;46;621;19;46;0,44;51,75;35,00;0;Mexico;Latin America;"Universidad de Guadalajara";"2019-2026";"Political Science and International Relations (Q4); Social Sciences (miscellaneous) (Q4)";"Social Sciences"
326;21101021403;"Mexican Law Review";journal;"18700578, 24485306";"Universidad Nacional Autonoma de Mexico";No;No;0,130;Q4;4;11;32;568;17;31;0,71;51,64;53,85;0;Mexico;Latin America;"Universidad Nacional Autonoma de Mexico";"2011, 2014, 2019-2026";"Law (Q4)";"Social Sciences"
327;21100842562;"Estudios de Literatura Colombiana";journal;"01234412";"Universidad de Antioquia";Yes;Yes;0,129;Q3;3;26;82;548;12;76;0,19;21,08;41,67;0;Colombia;Latin America;"Universidad de Antioquia";"2017-2026";"Literature and Literary Theory (Q2); Arts and Humanities (miscellaneous) (Q3); History (Q3); Linguistics and Language (Q3); Electrical and Electronic Engineering (Q4)";"Arts and Humanities; Engineering; Social Sciences"
328;21100401234;"Anuario Mexicano de Derecho Internacional";journal;"24487872, 18704654";"Universidad Nacional Autonoma de Mexico";Yes;Yes;0,129;Q4;8;15;73;967;17;72;0,18;64,47;15,38;0;Mexico;Latin America;"Universidad Nacional Autonoma de Mexico";"2014-2026";"Law (Q4)";"Social Sciences"
329;21100942831;"Bibliotecas, Anales de Investigacion";journal;"16838947, 0006176X";"Biblioteca Nacional de Cuba Jose Marti";Yes;Yes;0,129;Q4;9;6;173;249;38;171;0,19;41,50;38,46;0;Cuba;Latin America;"Biblioteca Nacional de Cuba Jose Marti";"2019-2025";"Library and Information Sciences (Q4)";"Social Sciences"
330;21100858711;"Brazilian Journal of International Law";journal;"2236997X, 22371036";"Centro Universitario de Brasilia";Yes;Yes;0,129;Q4;7;34;169;1902;36;162;0,24;55,94;50,00;0;Brazil;Latin America;"Centro Universitario de Brasilia";"2016-2025";"Law (Q4); Political Science and International Relations (Q4)";"Social Sciences"
331;21101302091;"Opinion Juridica";journal;"22484078";"University of Medellin";Yes;No;0,129;Q4;3;27;93;1170;8;93;0,02;43,33;37,04;0;Colombia;Latin America;"University of Medellin";"2021-2025";"Law (Q4)";"Social Sciences"
332;21100222564;"Proceedings of the Brazilian Symposium on GeoInformatics";conference and proceedings;"21794847";"National Institute for Space Research, INPE";No;No;0,128;-;8;41;126;673;8;122;0,08;16,41;30,63;0;Brazil;Latin America;"National Institute for Space Research, INPE";"2007-2008, 2010-2023, 2025";"Earth and Planetary Sciences (miscellaneous); Geography, Planning and Development; Information Systems";"Computer Science; Earth and Planetary Sciences; Social Sciences"
333;19400157126;"Secuencia";journal;"23958464, 01860348";"Instituto de Investigaciones Dr. Jose Maria Luis Mora";Yes;Yes;0,127;Q3;6;30;125;1403;24;125;0,23;46,77;30,30;0;Mexico;Latin America;"Instituto de Investigaciones Dr. Jose Maria Luis Mora";"1987, 1989, 2001-2002, 2016-2025";"Cultural Studies (Q3); History (Q3); Sociology and Political Science (Q4)";"Arts and Humanities; Social Sciences"
334;21101065652;"Revista del Cuerpo Medico Hospital Nacional Almanzor Aguinaga Asenjo";journal;"22255109, 22274731";"";No;No;0,127;Q4;9;74;309;1708;71;261;0,18;23,08;30,83;0;Peru;Latin America;"";"2019-2026";"Health Policy (Q4); Health (social science) (Q4); Medicine (miscellaneous) (Q4); Public Health, Environmental and Occupational Health (Q4)";"Medicine; Social Sciences"
335;21101347026;"Politicas de la Memoria";journal;"16684885, 26837234";"Centro de Documentacian e Investigacian de la Cultura de Izquierdas";Yes;No;0,126;Q3;2;35;80;546;6;61;0,08;15,60;34,78;0;Argentina;Latin America;"Centro de Documentacian e Investigacian de la Cultura de Izquierdas";"2021-2025";"Cultural Studies (Q3); History (Q3); History and Philosophy of Science (Q4)";"Arts and Humanities; Social Sciences"
336;21100923520;"Avances del Cesor";journal;"15143899, 24226580";"Investigaciones-Sociohistoricas Regionales";Yes;Yes;0,126;Q4;5;7;52;239;4;51;0,09;34,14;25,00;0;Argentina;Latin America;"Investigaciones-Sociohistoricas Regionales";"2019-2025";"History (Q3); Sociology and Political Science (Q4)";"Arts and Humanities; Social Sciences"
337;21100828026;"Comunicacao Midia e Consumo";journal;"19837070, 18064981";"Superior School of Advertising and Marketing";Yes;Yes;0,126;Q4;4;19;77;662;15;76;0,21;34,84;44,83;0;Brazil;Latin America;"Superior School of Advertising and Marketing";"2017-2025";"Communication (Q4)";"Social Sciences"
338;21101151818;"Medicina y Laboratorio";journal;"25007106, 01232576";"Universidad de Antioquia";Yes;Yes;0,126;Q4;4;0;62;0;16;50;0,28;0,00;0,00;0;Colombia;Latin America;"Universidad de Antioquia";"2020-2023";"Education (Q4); Medical Laboratory Technology (Q4); Medicine (miscellaneous) (Q4)";"Health Professions; Medicine; Social Sciences"
339;21101032724;"Modulo Arquitectura CUC";journal;"23897732, 01246542";"Universidad de la Costa";No;No;0,126;Q4;4;16;48;742;13;48;0,24;46,38;41,38;0;Colombia;Latin America;"Universidad de la Costa";"2019-2025";"Visual Arts and Performing Arts (Q2); Arts and Humanities (miscellaneous) (Q3); Architecture (Q4); Urban Studies (Q4)";"Arts and Humanities; Engineering; Social Sciences"
340;5800207821;"Estudios Filologicos";journal;"00711713, 07176171";"Universidad Austral de Chile";Yes;Yes;0,125;Q3;12;13;87;440;19;86;0,21;33,85;50,00;0;Chile;Latin America;"Universidad Austral de Chile";"2007-2025";"Literature and Literary Theory (Q2); Linguistics and Language (Q3)";"Arts and Humanities; Social Sciences"
341;21101061987;"Revista Chilena de Fonoaudiologia";journal;"07174659, 07194692";"Universidad de Chile";Yes;Yes;0,125;Q3;4;10;73;431;19;70;0,20;43,10;70,59;0;Chile;Latin America;"Universidad de Chile";"2019-2025";"Linguistics and Language (Q3); Otorhinolaryngology (Q4); Rehabilitation (Q4); Speech and Hearing (Q4)";"Health Professions; Medicine; Social Sciences"
342;5600153164;"Cadernos Pagu";journal;"01048333";"Universidade Estadual de Campinas UNICAMP";Yes;Yes;0,125;Q4;23;31;135;1253;17;107;0,10;40,42;83,78;0;Brazil;Latin America;"Universidade Estadual de Campinas UNICAMP";"2008-2025";"Gender Studies (Q4)";"Social Sciences"
343;21101101867;"Culturales";journal;"2448539X, 18701191";"Universidad Autonoma de Baja California";Yes;Yes;0,125;Q4;3;11;28;539;12;25;0,15;49,00;50,00;0;Mexico;Latin America;"Universidad Autonoma de Baja California";"2019-2025";"Arts and Humanities (miscellaneous) (Q3); Social Sciences (miscellaneous) (Q4)";"Arts and Humanities; Social Sciences"
344;21100893272;"Lecturas de Economia";journal;"23230622, 01202596";"Universidad de Antioquia";Yes;Yes;0,125;Q4;10;15;67;437;21;66;0,41;29,13;27,27;0;Colombia;Latin America;"Universidad de Antioquia";"2005-2026";"Business, Management and Accounting (miscellaneous) (Q4); Economics and Econometrics (Q4); Finance (Q4); Social Sciences (miscellaneous) (Q4); Sociology and Political Science (Q4); Statistics, Probability and Uncertainty (Q4)";"Business, Management and Accounting; Decision Sciences; Economics, Econometrics and Finance; Social Sciences"
345;80799;"Revista Geografica Venezolana";journal;"22448853, 10121617";"Universidad de los Andes";Yes;No;0,125;Q4;11;14;95;494;14;87;0,13;35,29;21,88;0;Venezuela;Latin America;"Universidad de los Andes";"1981, 1985-2025";"Earth-Surface Processes (Q4); Geography, Planning and Development (Q4)";"Earth and Planetary Sciences; Social Sciences"
346;21100856632;"Zaranda de Ideas";journal;"24083801, 18531296";"Asociacion de Arqueologos Profesionales de la Republica Argentina";Yes;Yes;0,124;Q3;6;4;17;157;2;17;0,00;39,25;25,00;0;Argentina;Latin America;"Asociacion de Arqueologos Profesionales de la Republica Argentina";"2013-2022, 2024";"Archeology (Q3); Archeology (arts and humanities) (Q3); Anthropology (Q4)";"Arts and Humanities; Social Sciences"
347;21100312021;"Antiguo Oriente";journal;"16679202";"Archaeopress";No;No;0,123;Q3;11;0;22;0;1;20;0,06;0,00;0,00;0;Argentina;Latin America;"Archaeopress";"2009-2024";"Classics (Q2); Archeology (Q3); Archeology (arts and humanities) (Q3); History (Q3)";"Arts and Humanities; Social Sciences"
348;21101049619;"Cuadernos Medievales";journal;"24227471, 24516821";"Universidad Nacional de Mar del Plata";Yes;Yes;0,123;Q3;2;5;38;535;6;38;0,14;107,00;33,33;0;Argentina;Latin America;"Universidad Nacional de Mar del Plata";"2019-2025";"Visual Arts and Performing Arts (Q2); Archeology (Q3); Archeology (arts and humanities) (Q3); History (Q3); Philosophy (Q3); Religious Studies (Q3)";"Arts and Humanities; Social Sciences"
349;21101139564;"Metafora";journal;"26174839";"Asociacion Peruana de Retorica";Yes;Yes;0,123;Q3;2;27;94;784;5;85;0,06;29,04;33,33;0;Peru;Latin America;"Asociacion Peruana de Retorica";"2019-2025";"Literature and Literary Theory (Q2); Linguistics and Language (Q3)";"Arts and Humanities; Social Sciences"
350;21101147597;"Revista Brasileira de Meio Ambiente";journal;"25954431";"Reativar Ambiental";Yes;Yes;0,123;Q4;5;25;111;1230;38;110;0,30;49,20;36,00;0;Brazil;Latin America;"Reativar Ambiental";"2019-2026";"Education (Q4); Environmental Science (miscellaneous) (Q4)";"Environmental Science; Social Sciences"
351;7500153124;"Revista Ciencias de la Salud";journal;"21454507, 16927273";"Universidad del Rosario";Yes;Yes;0,123;Q4;15;38;102;1478;26;95;0,23;38,89;54,29;0;Colombia;Latin America;"Universidad del Rosario";"2007-2025";"Health Policy (Q4); Health (social science) (Q4); Medicine (miscellaneous) (Q4)";"Medicine; Social Sciences"
352;24967;"Estudios de Cultura Nahuatl";journal;"00711675";"Universidad Nacional Autonoma de Mexico";No;No;0,122;Q4;6;19;81;787;12;70;0,12;41,42;60,00;1;Mexico;Latin America;"Universidad Nacional Autonoma de Mexico";"1971-1972, 2014-2017, 2019-2026";"History (Q3); Anthropology (Q4)";"Arts and Humanities; Social Sciences"
353;17700155703;"Revista 180";journal;"07182309";"Universidad Diego Portales";Yes;Yes;0,122;Q4;9;15;68;416;9;63;0,12;27,73;22,58;0;Chile;Latin America;"Universidad Diego Portales";"2005-2025";"Visual Arts and Performing Arts (Q2); Architecture (Q4); Urban Studies (Q4)";"Arts and Humanities; Engineering; Social Sciences"
354;21101098754;"Isonomia";journal;"14050218, 26832593";"Instituto Tecnologico Autonomo de Mexico";No;No;0,121;Q4;4;19;53;1090;11;51;0,21;57,37;29,63;0;Mexico;Latin America;"Instituto Tecnologico Autonomo de Mexico";"2019-2025";"Philosophy (Q3); Law (Q4); Social Sciences (miscellaneous) (Q4); Sociology and Political Science (Q4)";"Arts and Humanities; Social Sciences"
355;21101045035;"Revista Opiniao Juridica";journal;"24476641, 18060420";"Centro Universitario Christus";Yes;Yes;0,121;Q4;5;26;72;1007;12;72;0,09;38,73;29,41;0;Brazil;Latin America;"Centro Universitario Christus";"2019-2025";"Law (Q4)";"Social Sciences"
356;21101158608;"Bibliotecas";journal;"14093049, 16593286";"Universidad Nacional";Yes;Yes;0,120;Q4;3;8;24;288;6;24;0,18;36,00;31,25;0;Costa Rica;Latin America;"Universidad Nacional";"2019-2025";"Library and Information Sciences (Q4)";"Social Sciences"
357;19700173013;"Co-herencia";journal;"17945887";"Universidad EAFIT";Yes;Yes;0,120;Q4;9;13;85;561;17;81;0,16;43,15;6,67;0;Colombia;Latin America;"Universidad EAFIT";"2009-2025";"Literature and Literary Theory (Q2); Visual Arts and Performing Arts (Q2); History (Q3); Music (Q3); Philosophy (Q3); Sociology and Political Science (Q4)";"Arts and Humanities; Social Sciences"
358;21101178117;"Revista del Nacional (Itaugua)";journal;"23073640, 20728174";"Republica del Paraguay Ministry of Public Health and Social Welfare";Yes;Yes;0,119;Q4;4;36;88;884;15;78;0,22;24,56;58,96;0;Paraguay;Latin America;"Republica del Paraguay Ministry of Public Health and Social Welfare";"2019-2025";"Health Professions (miscellaneous) (Q4); Health (social science) (Q4); Public Health, Environmental and Occupational Health (Q4)";"Health Professions; Medicine; Social Sciences"
359;5600152968;"Caderno CRH";journal;"01034979, 19838239";"EDUFBA - Editora Universttaria";Yes;Yes;0,118;Q3;15;93;112;4132;13;103;0,12;44,43;40,00;0;Brazil;Latin America;"EDUFBA - Editora Universttaria";"2009-2025";"Cultural Studies (Q3); Sociology and Political Science (Q4)";"Social Sciences"
360;21100235613;"ACDI Anuario Colombiano de Derecho Internacional";journal;"20271131, 21454493";"Universidad del Rosario";Yes;Yes;0,117;Q4;5;7;35;453;4;16;0,12;64,71;50,00;0;Colombia;Latin America;"Universidad del Rosario";"2012-2025";"Law (Q4)";"Social Sciences"
361;21101120357;"AtoZ";journal;"2237826X";"Programa de Pos-Graduacao em Gestao da Informacao, Universidade Federal do Parana";Yes;Yes;0,117;Q4;5;26;95;901;14;94;0,12;34,65;54,72;0;Brazil;Latin America;"Programa de Pos-Graduacao em Gestao da Informacao, Universidade Federal do Parana";"2019-2025";"Information Systems (Q4); Library and Information Sciences (Q4); Strategy and Management (Q4)";"Business, Management and Accounting; Computer Science; Social Sciences"
362;4500151519;"Cadernos CEDES";journal;"01013262";"Centro de Estudos Educacao e Sociedade - CEDES";Yes;Yes;0,117;Q4;13;33;92;1055;16;84;0,21;31,97;65,85;0;Brazil;Latin America;"Centro de Estudos Educacao e Sociedade - CEDES";"2006-2026";"Education (Q4)";"Social Sciences"
363;20600195529;"Revista Colombiana de Sociologia";journal;"0120159X, 22565485";"Universidad Nacional de Colombia";Yes;Yes;0,117;Q4;9;18;78;634;19;74;0,24;35,22;40,00;0;Colombia;Latin America;"Universidad Nacional de Colombia";"2018-2025";"Arts and Humanities (miscellaneous) (Q3); Social Sciences (miscellaneous) (Q4)";"Arts and Humanities; Social Sciences"
364;21100218077;"Anclajes";journal;"03293807, 18514669";"Instituto de Investigaciones Literarias y Discursivas, Universidad Nacional de La Pampa";Yes;Yes;0,116;Q3;6;27;84;755;14;84;0,16;27,96;57,69;0;Argentina;Latin America;"Instituto de Investigaciones Literarias y Discursivas, Universidad Nacional de La Pampa";"2012-2026";"Cultural Studies (Q3); Literature and Literary Theory (Q3); Linguistics and Language (Q4)";"Arts and Humanities; Social Sciences"
365;8100153108;"Revista Brasileira de Historia";journal;"01020188, 18069347";"Associacao Nacional de Historia";Yes;Yes;0,116;Q3;13;26;163;1162;26;157;0,14;44,69;56,67;0;Brazil;Latin America;"Associacao Nacional de Historia";"1999, 2001, 2007-2025";"Cultural Studies (Q3); History (Q3); Geography, Planning and Development (Q4); Sociology and Political Science (Q4)";"Arts and Humanities; Social Sciences"
366;19700188119;"Educacion Quimica";journal;"18708404, 0187893X";"Facultad de Quimica, UNAM";Yes;Yes;0,116;Q4;18;0;187;0;56;175;0,24;0,00;0,00;0;Mexico;Latin America;"Facultad de Quimica, UNAM";"2009-2017, 2019-2024";"Chemistry (miscellaneous) (Q4); Education (Q4)";"Chemistry; Social Sciences"
367;21100877661;"Civitas";journal;"19847289, 15196089";"Edipucrs";Yes;Yes;0,115;Q3;8;35;111;1196;17;111;0,15;34,17;66,67;0;Brazil;Latin America;"Edipucrs";"2018-2026";"Cultural Studies (Q3); Anthropology (Q4); Development (Q4); Sociology and Political Science (Q4)";"Social Sciences"
368;21101116673;"Perifrasis";journal;"21458987, 21459045";"Universidad de los Andes, Colombia";Yes;Yes;0,115;Q3;4;30;73;721;5;62;0,02;24,03;70,83;0;Colombia;Latin America;"Universidad de los Andes, Colombia";"2011, 2019-2026";"Cultural Studies (Q3); Literature and Literary Theory (Q3); Gender Studies (Q4)";"Arts and Humanities; Social Sciences"
369;21101120351;"Dearq";journal;"20113188, 2215969X";"Universidad de los Andes, Colombia";Yes;Yes;0,115;Q4;5;23;79;344;13;63;0,12;14,96;46,15;0;Colombia;Latin America;"Universidad de los Andes, Colombia";"2019-2025";"Architecture (Q4); Geography, Planning and Development (Q4); Urban Studies (Q4)";"Engineering; Social Sciences"
370;21100229263;"Juridicas";journal;"17942918";"Universidad de Caldas";Yes;Yes;0,115;Q4;6;0;87;0;13;81;0,17;0,00;0,00;0;Colombia;Latin America;"Universidad de Caldas";"2012-2024";"Law (Q4)";"Social Sciences"
371;21101123942;"Legado de Arquitectura y Diseno";journal;"20073615, 2448749X";"Universidad Autonoma del Estado de Mexico";Yes;Yes;0,115;Q4;3;0;96;0;19;96;0,22;0,00;0,00;0;Mexico;Latin America;"Universidad Autonoma del Estado de Mexico";"2019-2024";"Arts and Humanities (miscellaneous) (Q3); Visual Arts and Performing Arts (Q3); Architecture (Q4); Urban Studies (Q4)";"Arts and Humanities; Engineering; Social Sciences"
372;21101040219;"Revista de Estudos Empiricos em Direito";journal;"23190817";"Instituto Rede de Pesquisa Empirica em Direito";Yes;Yes;0,115;Q4;3;30;91;983;9;88;0,06;32,77;60,78;0;Brazil;Latin America;"Instituto Rede de Pesquisa Empirica em Direito";"2019-2025";"Law (Q4)";"Social Sciences"
373;21100899925;"Nomadas";journal;"25394762, 01217550";"Universidad Central";Yes;Yes;0,114;Q3;8;0;49;0;8;46;0,06;0,00;0,00;0;Colombia;Latin America;"Universidad Central";"2018-2024";"Cultural Studies (Q3); Philosophy (Q3); Anthropology (Q4); Education (Q4); Psychology (miscellaneous) (Q4); Social Sciences (miscellaneous) (Q4)";"Arts and Humanities; Psychology; Social Sciences"
374;21100202508;"Revista Brasileira de Orientacao Profissional";journal;"16793390, 19847270";"Associacao Brasileira de Orientadores Profissionais";Yes;Yes;0,114;Q4;13;0;59;0;12;55;0,09;0,00;0,00;0;Brazil;Latin America;"Associacao Brasileira de Orientadores Profissionais";"2011-2024";"Applied Psychology (Q4); Education (Q4); Organizational Behavior and Human Resource Management (Q4)";"Business, Management and Accounting; Psychology; Social Sciences"
375;21101068581;"Revista de Contabilidade e Organizacoes";journal;"19826486";"Universidade De Sao Paulo";Yes;Yes;0,114;Q4;5;11;59;410;13;51;0,23;37,27;36,00;0;Brazil;Latin America;"Universidade De Sao Paulo";"2019-2025";"Accounting (Q4); Education (Q4); Management of Technology and Innovation (Q4); Organizational Behavior and Human Resource Management (Q4)";"Business, Management and Accounting; Social Sciences"
376;21101152607;"Revista de Historia (Costa Rica)";journal;"22154744";"Universidad Nacional";Yes;Yes;0,113;Q3;3;23;45;1076;6;44;0,21;46,78;36,84;0;Costa Rica;Latin America;"Universidad Nacional";"2019-2025";"Arts and Humanities (miscellaneous) (Q3); Cultural Studies (Q3); History (Q3)";"Arts and Humanities; Social Sciences"
377;21101377431;"Arboles y Rizomas";journal;"07199805";"Universidad de Santiago de Chile";Yes;No;0,113;Q4;2;35;54;1100;7;47;0,19;31,43;63,16;0;Chile;Latin America;"Universidad de Santiago de Chile";"2022-2025";"Literature and Literary Theory (Q3); Education (Q4); Linguistics and Language (Q4)";"Arts and Humanities; Social Sciences"
378;21100447115;"Austral: Brazilian Journal of Strategy and International Relations";journal;"22386262, 22386912";"Universidade Federal do Rio Grande do Sul";Yes;Yes;0,113;Q4;8;9;60;371;13;54;0,21;41,22;22,22;0;Brazil;Latin America;"Universidade Federal do Rio Grande do Sul";"2012-2025";"Political Science and International Relations (Q4)";"Social Sciences"
379;21100203943;"Cuadernos de Musica, Artes Visuales y Artes Escenicas";journal;"17946670, 22159959";"Pontificia Universidad Javeriana";No;No;0,113;Q4;7;29;77;847;17;62;0,13;29,21;56,52;0;Colombia;Latin America;"Pontificia Universidad Javeriana";"2012-2026";"Music (Q3); Visual Arts and Performing Arts (Q3); Linguistics and Language (Q4)";"Arts and Humanities; Social Sciences"
380;21100811503;"Revista de Estudos Constitucionais, Hermeneutica e Teoria do Direito";journal;"21752168";"Universidade do Vale do Rio dos Sinos";Yes;Yes;0,113;Q4;5;18;89;529;10;88;0,14;29,39;28,57;0;Brazil;Latin America;"Universidade do Vale do Rio dos Sinos";"2016-2026";"Law (Q4)";"Social Sciences"
381;21101023315;"Praksis";journal;"24481939";"UNIVERSIDADE FEEVALE";Yes;Yes;0,112;Q4;4;35;71;1165;8;69;0,11;33,29;56,14;0;Brazil;Latin America;"UNIVERSIDADE FEEVALE";"2019-2026";"History (Q3); Education (Q4); Linguistics and Language (Q4)";"Arts and Humanities; Social Sciences"
382;21100840936;"Revista Luna Azul";journal;"19092474, 01225391";"Universidad de Caldas";Yes;No;0,112;Q4;8;11;61;397;6;57;0,12;36,09;54,55;0;Colombia;Latin America;"Universidad de Caldas";"2017-2025";"Education (Q4); Environmental Science (miscellaneous) (Q4)";"Environmental Science; Social Sciences"
383;21100207638;"Discursos Fotograficos";journal;"18085652, 19847939";"Universidade Estadual de Londrina";Yes;Yes;0,111;Q4;5;8;61;164;4;55;0,00;20,50;54,55;0;Brazil;Latin America;"Universidade Estadual de Londrina";"2012-2025";"Visual Arts and Performing Arts (Q3); Communication (Q4)";"Arts and Humanities; Social Sciences"
384;21101294617;"Journal of Sustainable Competitive Intelligence";journal;"30857813";"Editora Alumni In";No;No;0,111;Q4;2;27;25;915;5;25;0,20;33,89;38,67;0;Brazil;Latin America;"Editora Alumni In";"2023-2026";"Business, Management and Accounting (miscellaneous) (Q4); Decision Sciences (miscellaneous) (Q4); Development (Q4); Management, Monitoring, Policy and Law (Q4)";"Business, Management and Accounting; Decision Sciences; Environmental Science; Social Sciences"
385;12569;"Revista Geografica de Chile Terra Australis";journal;"07199562, 03788482";"Universidad Bernardo O'Higgins";No;No;0,111;Q4;4;17;62;703;7;59;0,14;41,35;48,72;0;Chile;Latin America;"Universidad Bernardo O'Higgins";"1983-1984, 1986-1987, 1989-1990, 2003, 2007, 2019-2025";"Earth and Planetary Sciences (miscellaneous) (Q4); Geography, Planning and Development (Q4)";"Earth and Planetary Sciences; Social Sciences"
386;21100936533;"Caracol";journal;"23179651, 21781702";"Universidade de Sao Paulo. Museu de Zoologia";Yes;Yes;0,110;Q4;4;20;115;545;15;103;0,06;27,25;47,06;0;Brazil;Latin America;"Universidade de Sao Paulo. Museu de Zoologia";"2019-2025";"Communication (Q4); Linguistics and Language (Q4)";"Social Sciences"
387;21100840182;"Estudos Internacionais";journal;"2317773X";"Editora PUC-Minas";Yes;Yes;0,110;Q4;6;14;67;501;9;66;0,07;35,79;31,25;0;Brazil;Latin America;"Editora PUC-Minas";"2017-2024";"Political Science and International Relations (Q4)";"Social Sciences"
388;21101082209;"Revista Brasileira de Ciencias Policiais";journal;"23186917, 21780013";"National Police Academy";Yes;Yes;0,108;Q4;3;0;115;0;7;107;0,06;0,00;0,00;0;Brazil;Latin America;"National Police Academy";"2019-2024";"Law (Q4); Political Science and International Relations (Q4); Safety Research (Q4); Social Sciences (miscellaneous) (Q4); Sociology and Political Science (Q4)";"Social Sciences"
389;21101209993;"Revista Ibero-Americana de Ciencia da Informacao";journal;"19835213";"Universidade de Brasilia";Yes;Yes;0,108;Q4;4;37;129;1019;18;122;0,11;27,54;64,00;0;Brazil;Latin America;"Universidade de Brasilia";"2020-2025";"Library and Information Sciences (Q4)";"Social Sciences"
390;5000154508;"Ciencia da Informacao";journal;"15188353, 01001965";"Brazilian Institute for Information in Science and Technology";Yes;Yes;0,107;Q4;18;40;168;1175;10;160;0,04;29,38;57,69;0;Brazil;Latin America;"Brazilian Institute for Information in Science and Technology";"2006-2025";"Library and Information Sciences (Q4)";"Social Sciences"
391;19900191879;"Informacao e Sociedade";journal;"18094783, 01040146";"Universidade Federal de Campina Grande";Yes;Yes;0,107;Q4;11;0;35;0;2;32;0,08;0,00;0,00;0;Brazil;Latin America;"Universidade Federal de Campina Grande";"2011-2024";"Communication (Q4); Sociology and Political Science (Q4)";"Social Sciences"
392;19900191875;"Sociedade e Cultura";journal;"19808194, 14158566";"Universidade Federal De Goias (UFG)";Yes;Yes;0,107;Q4;7;12;45;648;3;43;0,03;54,00;50,00;0;Brazil;Latin America;"Universidade Federal De Goias (UFG)";"2010-2025";"Arts and Humanities (miscellaneous) (Q4); Social Sciences (miscellaneous) (Q4)";"Arts and Humanities; Social Sciences"
393;21100224425;"Informacion, Cultura y Sociedad";journal;"15148327, 18511740";"University of Buenos Aires";Yes;Yes;0,106;Q4;10;23;68;729;12;63;0,18;31,70;54,84;0;Argentina;Latin America;"University of Buenos Aires";"2012-2025";"Library and Information Sciences (Q4)";"Social Sciences"
394;21101186922;"Revista de Derecho (Uruguay)";journal;"23011610, 15105172";"Universidad de Montevideo";Yes;Yes;0,106;Q4;3;21;59;750;4;51;0,10;35,71;50,00;0;Uruguay;Latin America;"Universidad de Montevideo";"2019-2025";"Law (Q4)";"Social Sciences"
395;21101021172;"Revista de Estudos da Linguagem";journal;"22372083, 01040588";"Universidade Federal de Minas Gerais, Faculdade de Letras";Yes;Yes;0,106;Q4;4;24;165;1000;13;164;0,08;41,67;48,28;0;Brazil;Latin America;"Universidade Federal de Minas Gerais, Faculdade de Letras";"2019-2025";"Education (Q4); Linguistics and Language (Q4)";"Social Sciences"
396;21100775656;"Acta Poetica";journal;"01853082, 2448735X";"Universidad Nacional Autonoma de Mexico";Yes;Yes;0,105;Q4;4;16;44;437;7;41;0,17;27,31;42,86;0;Mexico;Latin America;"Universidad Nacional Autonoma de Mexico";"2016-2026";"Literature and Literary Theory (Q3); Cultural Studies (Q4)";"Arts and Humanities; Social Sciences"
397;18736;"Cuadernos del Cendes";journal;"10122508";"Universidad Central de Venezuela";Yes;No;0,105;Q4;9;0;53;0;5;47;0,00;0,00;0,00;0;Venezuela;Latin America;"Universidad Central de Venezuela";"1989-1991, 2008-2023";"Geography, Planning and Development (Q4); Political Science and International Relations (Q4); Sociology and Political Science (Q4)";"Social Sciences"
398;21100212326;"Arqueologia Mexicana";journal;"01888218";"Editorial Raices";No;No;0,104;Q4;6;12;334;56;5;272;0,02;4,67;46,67;0;Mexico;Latin America;"Editorial Raices";"2012-2015, 2018-2024";"Archeology (Q4); Archeology (arts and humanities) (Q4)";"Arts and Humanities; Social Sciences"
399;21100904229;"Estudios de Teoria Literaria";journal;"23139676";"Universidad Nacional de Mar del Plata";Yes;Yes;0,104;Q4;3;33;138;683;12;131;0,12;20,70;65,63;0;Argentina;Latin America;"Universidad Nacional de Mar del Plata";"2018-2025";"Literature and Literary Theory (Q3); Communication (Q4); Cultural Studies (Q4); History (Q4); Linguistics and Language (Q4)";"Arts and Humanities; Social Sciences"
400;21101039142;"Prudentia Iuris";journal;"25249525, 03262774";"Pontificia Universidad Catolica Argentina";Yes;Yes;0,104;Q4;2;27;84;1011;6;70;0,07;37,44;38,46;0;Argentina;Latin America;"Pontificia Universidad Catolica Argentina";"2019-2025";"Law (Q4)";"Social Sciences"
401;21101371013;"Cuadernos de Teologia";journal;"07198175";"Universidad Catolica del Norte";Yes;No;0,103;Q4;1;12;36;495;1;36;0,00;41,25;21,43;0;Chile;Latin America;"Universidad Catolica del Norte";"2021-2026";"Literature and Literary Theory (Q3); Cultural Studies (Q4); Philosophy (Q4); Religious Studies (Q4)";"Arts and Humanities; Social Sciences"
402;19700201012;"Acta Scientiarum Language and Culture";journal;"19834683, 19834675";"Eduem - Editora da Universidade Estadual de Maringa";Yes;Yes;0,102;Q4;7;42;130;1079;6;122;0,05;25,69;57,89;0;Brazil;Latin America;"Eduem - Editora da Universidade Estadual de Maringa";"2008-2025";"Linguistics and Language (Q4); Literature and Literary Theory (Q4)";"Arts and Humanities; Social Sciences"
403;20600195060;"Cadernos de Linguagem e Sociedade";journal;"01049712, 21794790";"";No;No;0,102;Q4;4;1;95;20;8;89;0,10;20,00;100,00;0;Brazil;Latin America;"";"2012-2024";"Linguistics and Language (Q4); Sociology and Political Science (Q4)";"Social Sciences"
404;21101034467;"Contexto";journal;"20071639";"Universidad Autonoma de Nuevo Leon";Yes;Yes;0,102;Q4;3;22;50;886;5;46;0,10;40,27;50,00;0;Mexico;Latin America;"Universidad Autonoma de Nuevo Leon";"2019-2026";"Architecture (Q4); Urban Studies (Q4); Visual Arts and Performing Arts (Q4)";"Arts and Humanities; Engineering; Social Sciences"
405;23567;"Estudios de Asia y Africa";journal;"2448654X, 01850164";"Colegio de Mexico, A.C., Departamento de Publicaciones";Yes;Yes;0,102;Q4;5;11;64;360;7;63;0,02;32,73;27,27;0;Mexico;Latin America;"Colegio de Mexico, A.C., Departamento de Publicaciones";"1984, 2014-2026";"Anthropology (Q4); Cultural Studies (Q4); Linguistics and Language (Q4); Sociology and Political Science (Q4)";"Social Sciences"
406;21100227422;"Revista da Abordagem Gestaltica";journal;"19843542, 18096867";"Instituto de Treinamento e Pesquisa em Gestalt-terapia de Goiania";No;No;0,102;Q4;7;0;21;0;0;19;0,00;0,00;0,00;0;Brazil;Latin America;"Instituto de Treinamento e Pesquisa em Gestalt-terapia de Goiania";"2012-2022";"Social Psychology (Q4); Sociology and Political Science (Q4)";"Psychology; Social Sciences"
407;21100944258;"Revista de Direito Civil Contemporaneo";journal;"23581433";"Thomson Reuters Brasil Conteudo e Tecnologia";No;No;0,102;Q4;3;0;120;0;4;99;0,03;0,00;0,00;0;Brazil;Latin America;"Thomson Reuters Brasil Conteudo e Tecnologia";"2018-2023";"Law (Q4); Sociology and Political Science (Q4)";"Social Sciences"
408;21101262339;"Revista Historia Hoje";journal;"18063993";"Associacao Nacional de Historia";Yes;Yes;0,102;Q4;2;35;132;1005;11;109;0,09;28,71;42,31;0;Brazil;Latin America;"Associacao Nacional de Historia";"2020-2025";"Education (Q4)";"Social Sciences"
409;19700181224;"Calidoscopio";journal;"21776202, 16798740";"Universidade do Vale do Rio dos Sinos";Yes;Yes;0,101;Q4;8;6;82;171;6;72;0,04;28,50;71,43;0;Brazil;Latin America;"Universidade do Vale do Rio dos Sinos";"2010-2024";"Linguistics and Language (Q4)";"Social Sciences"
410;21101145379;"Ciencia Nueva, Revista de Historia y Politica";journal;"25392662";"Technological University of Pereira";No;No;0,101;Q4;3;23;57;1014;4;52;0,08;44,09;23,08;0;Colombia;Latin America;"Technological University of Pereira";"2019-2025";"History (Q4); Political Science and International Relations (Q4)";"Arts and Humanities; Social Sciences"
411;21100841303;"Cogency";journal;"07188285";"Universidad Diego Portales";Yes;Yes;0,101;Q4;4;12;31;397;2;29;0,04;33,08;9,09;0;Chile;Latin America;"Universidad Diego Portales";"2017-2025";"Communication (Q4); Linguistics and Language (Q4)";"Social Sciences"
412;21101061923;"Direito, Estado e Sociedade";journal;"19820879, 15166104";"Pontificia Universidade Catolica do Rio de Janeiro";Yes;No;0,101;Q4;3;13;71;518;2;71;0,00;39,85;50,00;0;Brazil;Latin America;"Pontificia Universidade Catolica do Rio de Janeiro";"2019-2025";"Law (Q4); Social Sciences (miscellaneous) (Q4); Sociology and Political Science (Q4)";"Social Sciences"
413;21100245908;"Espaco Plural";journal;"1981478X, 15184196";"Universidade Estadual do Oeste do Parana";Yes;Yes;0,101;Q4;4;18;56;517;0;51;0,00;28,72;47,83;0;Brazil;Latin America;"Universidade Estadual do Oeste do Parana";"2012-2017, 2021-2025";"Linguistics and Language (Q4)";"Social Sciences"
414;21100944726;"Millennium DIPr";journal;"24443220";"Tirant lo Blanch";Yes;No;0,101;Q4;1;5;21;186;2;21;0,06;37,20;33,33;0;Mexico;Latin America;"Tirant lo Blanch";"2019-2025";"Law (Q4)";"Social Sciences"
415;21100777217;"Problema";journal;"20074387";"Universidad Nacional Autonoma de Mexico";Yes;No;0,101;Q4;4;17;42;809;4;38;0,04;47,59;18,75;0;Mexico;Latin America;"Universidad Nacional Autonoma de Mexico";"2016-2026";"Law (Q4)";"Social Sciences"
416;21100934921;"Publicum";journal;"24477982";"Universidade do Estado do Rio de Janeiro";Yes;Yes;0,101;Q4;3;0;34;0;0;27;0,00;0,00;0,00;0;Brazil;Latin America;"Universidade do Estado do Rio de Janeiro";"2019-2024";"Law (Q4)";"Social Sciences"
417;21101264301;"Revista do CAAP";journal;"14150344, 22383840";"Faculdade de Direito da Universidade Federal de Minas Gerais";Yes;No;0,101;Q4;1;24;61;542;1;53;0,02;22,58;44,44;0;Brazil;Latin America;"Faculdade de Direito da Universidade Federal de Minas Gerais";"2020-2026";"Anthropology (Q4); Gender Studies (Q4); Law (Q4); Philosophy (Q4); Social Sciences (miscellaneous) (Q4); Sociology and Political Science (Q4)";"Arts and Humanities; Social Sciences"
418;25969;"Social and Economic Studies";journal;"26628988, 00377651";"University of the West Indies";No;No;0,101;Q4;13;0;42;0;2;37;0,08;0,00;0,00;0;Jamaica;Latin America;"University of the West Indies";"1974, 1977-1986, 2008-2024";"Economics and Econometrics (Q4); Social Sciences (miscellaneous) (Q4)";"Economics, Econometrics and Finance; Social Sciences"
419;17700155419;"Sur";journal;"19833342, 18066445";"Sur - Rede Universitaria de Direitos Humanos";Yes;Yes;0,101;Q4;13;0;27;0;6;24;0,00;0,00;0,00;0;Brazil;Latin America;"Sur - Rede Universitaria de Direitos Humanos";"2012-2022";"Law (Q4); Sociology and Political Science (Q4)";"Social Sciences"
420;12100157116;"Alea: Estudos Neolatinos";journal;"18070299, 1517106X";"Universidade Federal do Rio de Janeiro";Yes;No;0,100;Q4;6;56;185;1028;6;175;0,04;18,36;47,92;0;Brazil;Latin America;"Universidade Federal do Rio de Janeiro";"2008-2026";"Linguistics and Language (Q4); Literature and Literary Theory (Q4)";"Arts and Humanities; Social Sciences"
421;16200154729;"Colloquia Germanica";journal;"00101338";"Pontificia Universidad Catolica de Chile, Facultad de Agronomia e Ingenieria Forestal";No;No;0,100;Q4;5;0;81;0;3;71;0,05;0,00;0,00;0;Chile;Latin America;"Pontificia Universidad Catolica de Chile, Facultad de Agronomia e Ingenieria Forestal";"2002-2017, 2020-2024";"Linguistics and Language (Q4); Literature and Literary Theory (Q4)";"Arts and Humanities; Social Sciences"
422;21100792805;"Machado de Assis em Linha";journal;"19836821";"Universidade de Sao Paulo. Museu de Zoologia";Yes;Yes;0,100;Q4;3;0;71;0;3;67;0,04;0,00;0,00;0;Brazil;Latin America;"Universidade de Sao Paulo. Museu de Zoologia";"2014-2024";"Linguistics and Language (Q4); Literature and Literary Theory (Q4)";"Arts and Humanities; Social Sciences"
423;21101059738;"Margens";journal;"19825374, 18060560";"Universidade Federal Do Para";No;No;0,100;Q4;3;0;108;0;4;105;0,04;0,00;0,00;0;Brazil;Latin America;"Universidade Federal Do Para";"2019-2024";"Arts and Humanities (miscellaneous) (Q4); Education (Q4); History and Philosophy of Science (Q4); Literature and Literary Theory (Q4); Social Sciences (miscellaneous) (Q4)";"Arts and Humanities; Social Sciences"
424;21101274418;"Revista do Instituto Historico e Geografico do Rio Grande do Sul";journal;"25957031, 16783484";"Historical and Geographical Institute of Rio Grande do Sul";No;No;0,100;Q4;1;20;88;337;0;72;0,00;16,85;50,00;0;Brazil;Latin America;"Historical and Geographical Institute of Rio Grande do Sul";"2020-2025";"Cultural Studies (Q4); Geography, Planning and Development (Q4); History (Q4); Law (Q4); Sociology and Political Science (Q4)";"Arts and Humanities; Social Sciences"
425;14500154747;"Revista Musical Chilena";journal;"07176252, 07162790";"Universidad de Chile";Yes;Yes;0,100;Q4;8;0;72;0;4;66;0,06;0,00;0,00;0;Chile;Latin America;"Universidad de Chile";"2007-2024";"Cultural Studies (Q4); Music (Q4)";"Arts and Humanities; Social Sciences"
426;21100826379;"Rita Revista Indexada de Textos Academicos (discontinued)";journal;"23409711, 23867027";"";Yes;Yes;;-;5;5;81;242;16;79;0,27;48,40;66,67;0;Chile;Latin America;"";"2014-2025";"Architecture; Urban Studies; Visual Arts and Performing Arts";"Arts and Humanities; Engineering; Social Sciences"
427;21101283082;"Seminars in Medical Writing and Education (discontinued)";journal;"30088127";"";No;No;;-;23;112;355;3976;94;354;0,22;35,50;48,90;0;Argentina;Latin America;"";"2022-2025";"Education; Health Informatics; Information Systems and Management; Review and Exam Preparation; Reviews and References (medical)";"Decision Sciences; Medicine; Nursing; Social Sciences"
